Supplier Name,Phone Number,Category,URL,Main Image,Gallery,Real Phone,Website,Google Reviews Link,Google Image,Google Rating,Reviews Count,Address
"סיה | Sia Events מתחם אירועים, נס ציונה",077-8049368,אולמות וגנים,https://engaged.co.il/המלצות/sia-events.html,,,052-9709902,siaevents21.com,,,,,"וייצמן 30, נס ציונה"
וואלי | valley-events גן אירועים בשרון,077-2313940,אולמות וגנים,https://engaged.co.il/המלצות/וואלי-2.html,,,09-7636090,https://valley-events.co.il/,,,,,"זאב בלפר 27, כפר סבא"
מתחם החמאם | Hamam אירועים עושים היסטוריה,,אולמות וגנים,https://engaged.co.il/המלצות/מתחם-החמאם.html,,,03-7353231,https://hamam.co.il,,https://hamam.co.il/wp-content/uploads/2023/07/חתונות-מתחם-החמאם-עמוד-הבית-2023-4-1_0058_321336056_549574357035510_1616133368959008232_n.webp,,,"טיילת מפרץ שלמה 10, יפו העתיקה"
אוריאנה | Oriyana Events אולם אירועים,,אולמות וגנים,https://engaged.co.il/המלצות/אולמי_אוריאנה.html,,,+972 3-634-5500,,"https://www.google.com/maps/search/?api=1&query=אוריאנה+Oriyana+Events+אולם+אירועים,היוצרים+16,+אור+יהודה,+ישראל",,4.2,704,"היוצרים 16, אור יהודה, ישראל"
גני כנען | Ganey Cnaan גן אירועים,,אולמות וגנים,https://engaged.co.il/המלצות/גני-כנען.html,,,08-9355051,,,,,,קיבוץ נען
מפלים | Mapalim גן אירועים,,אולמות וגנים,https://engaged.co.il/המלצות/מפלים.html,,,03-5224422,https://rain-events.co.il,"https://www.google.com/maps/place/%D7%A8%D7%99%D7%99%D7%9F+Rain+Events/@31.970228,34.799736,17z/data=!4m8!3m7!1s0x1502b21000000000:0x1234567890abcdef!8m2!3d31.970228!4d34.799736!9m1!1b1!16s%2Fg%2F11f0_1234",https://rain-events.co.il/wp-content/uploads/2022/08/RAIN.png,4.3,1123,"לזרוב 23, ראשון לציון, ישראל"
שלוש הבית לאירועים | Shalosh Events אור יהודה,077-9979455,אולמות וגנים,https://engaged.co.il/המלצות/שלוש-אירועים.html,,,03-9173999,https://shalosh-events.co.il,,,,,"דוד כהן 3, אור יהודה"
אלגריה | Alegria מתחם אירועים,077-7299530,אולמות וגנים,https://engaged.co.il/המלצות/אלגריה.html,,,08-9477800,https://alegriaevent.co.il,https://www.google.com/maps/search/?api=1&query=%D7%90%D7%9C%D7%92%D7%A8%D7%99%D7%94+Alegria+%D7%9E%D7%AA%D7%97%D7%9D+%D7%90%D7%99%D7%A8%D7%95%D7%A2%D7%99%D7%9D,,4.3,3037,"המלך חסן השני 12, קרית עקרון"
קולוניה | Colonia גן אירועים,077-2310883,אולמות וגנים,https://engaged.co.il/המלצות/קולוניה-אירועים.html,,,053-9426142,http://www.colonia-events.co.il/,https://www.google.com/maps/search/?api=1&query=קולוניה+Colonia+גן+אירועים+המדע+18+רחובות,http://www.colonia-events.co.il/wp-content/uploads/2021/06/colonia-logo.png,4.4,1818,"המדע 18, רחובות"
מאורסים ארגון חתונה,055-4547279,אולמות וגנים,https://engaged.co.il/המלצות/מאורסים-ארגון-חתונה.html,,,03-777-4862,https://maorashim.co.il,,,,,"רח' לישנסקי 4, מתחם 7 הכוכבים, ראשון לציון מערב, ישראל"
גן ורדים מחיר מנה,,אולמות וגנים,https://engaged.co.il/המלצות/גן-ורדים.html,,,03-9664747,https://ganvradim.co.il/,,https://ganvradim.co.il/wp-content/uploads/2021/07/logo-gan-vradim.png,,,"הרצל 150, ראשון לציון"
קויה | Coya Events מתחם אירועים במרכז,055-4528115,אולמות וגנים,https://engaged.co.il/המלצות/קויה-אירועים.html,,,03-303-5060,https://coya.co.il/,,,,71,"הרוקמים 27, חולון"
הרמוניה בגן | Harmonia Bagan גן אירועים,077-729-9192,אולמות וגנים,https://engaged.co.il/המלצות/הרמוניה-בגן.html,,,08-8682282,https://harmoniabagan.co.il,"https://www.google.com/maps/place/%D7%94%D7%A8%D7%9E%D7%95%D7%A0%D7%99%D7%94+%D7%91%D7%92%D7%9F/@31.785055,34.757021,17z/data=!4m8!3m7!1s0x1502b48200000001:0x2281111111111111!8m2!3d31.785055!4d34.757021!9m1!1b1!16s%2Fg%2F11c2100000?hl=iw&entry=ttu",https://harmoniabagan.co.il/wp-content/uploads/2023/07/logo-harmonia-bagan.png,4.3,2950,"האדום 28, פארק תעשיות כנות, גדרה, ישראל"
יער עין חמד | Ein Hemed אירועים בלב הטבע,077-2317903,אולמות וגנים,https://engaged.co.il/המלצות/עין-חמד.html,,,077-2319032,https://ein-hemed.co.il,,https://ein-hemed.co.il/wp-content/uploads/2020/07/logo-ein-hemed.png,,,"גן לאומי עין חמד, ירושלים, ישראל"
ים מקום לאירועים | YAM מקום לאירועים,077-2305474,אולמות וגנים,https://engaged.co.il/המלצות/ים-מקום-לאירועים.html,,,072-2158212,https://yam-events.co.il/,https://www.google.com/maps/search/?api=1&query=ים+מקום+לאירועים+YAM+מקום+לאירועים+Shtei+ha-Akhayot+St+2+Tel+Aviv-Yafo,,4.1,172,"Shtei ha-Akhayot St 2, Tel Aviv-Yafo, Tel Aviv District, Israel"
צל החורש | Tzhel Hahoresh גן אירועים,077-2306356,אולמות וגנים,https://engaged.co.il/המלצות/צל-החורש.html,,,054-5503301,https://www.tzhelhahoresh.co.il,https://www.google.com/search?q=%D7%A6%D7%9C+%D7%94%D7%97%D7%95%D7%A8%D7%A9+Tzhel+Hahoresh+%D7%92%D7%9F+%D7%90%D7%99%D7%A8%D7%95%D7%A2%D7%99%D7%9D+Google+Maps+reviews,,4.4,1288,בית ברל
דסטינו | Destino גן אירועים במושב שורש,077-2306488,אולמות וגנים,https://engaged.co.il/המלצות/דסטינו.html,,,055-4539193,https://destino.co.il,,,,,"מושב שורש, ישראל"
סינקו אירועים | Synco Events מתחם לחתונות בוטיק,,אולמות וגנים,https://engaged.co.il/המלצות/סינקו-אירועים.html,,,052-9124520,https://synco.co.il/,,,,,"רח' ענטין 10, רחובות"
חצר המלכה מתחם אירועים,077-9977945,אולמות וגנים,https://engaged.co.il/המלצות/חצר-המלכה.html,,,08-3819071,https://www.h-m.co.il/,"https://www.google.com/maps/place/%D7%97%D7%A6%D7%A8+%D7%94%D7%9E%D7%9C%D7%9B%D7%94/@31.768677,34.747191,17z/data=!4m8!3m7!1s0x1502e1511218521b:0x524142146200000!8m2!3d31.768677!4d34.747191!9m1!1b1!16s%2Fg%2F11c26_111_",https://www.h-m.co.il/wp-content/uploads/2023/04/logo-hazar-hamalka.png,4.4,3100,"אדום 2, צומת כנות, כנות, 8381500, Israel"
say אירועים | SAY Events מתחם אירועי בוטיק,077-9972393,אולמות וגנים,https://engaged.co.il/המלצות/say-אירועים.html,,,055-453-9596,https://say-events.co.il,"https://www.google.com/maps/search/?api=1&query=SAY+Events+%D7%9E%D7%AA%D7%97%D7%9D+%D7%90%D7%99%D7%A8%D7%95%D7%A2%D7%99+%D7%91%D7%95%D7%98%D7%99%D7%A7,Moshe+Sharett+19,+Rishon+LeZion",,4.5,684,"משה שרת 19, ראשון לציון"
הבוסתן פינה בטבע | Boaz Arnon גן ארועים,,אולמות וגנים,https://engaged.co.il/המלצות/הבוסתן-פינה-בטבע.html,,,054-4923396,https://habustan.co.il,,https://habustan.co.il/wp-content/uploads/2020/07/logo-habustan.png,,,נווה צוף
אמארה | Amare גן אירועים,,אולמות וגנים,https://engaged.co.il/המלצות/אמארה-אירועים.html,,,050-3707079,http://www.amare.co.il,,,,,"רחוב האלופים 1, נס ציונה"
הרמוזו | Hermozo גן אירועים,077-8053210,אולמות וגנים,https://engaged.co.il/המלצות/הרמוזו-החדש-אירועים.html,,,052-9095176,https://hermozo.co.il,,https://www.zooz360.co.il//templates/zooz360/user_files/VTour/VTour359/vtour/panos/point1.tiles/preview.jpg,,,"HaShdera HaMerkazit 16, Modi'in Maccabim-Re'ut, 71700, Israel"
קסאנאדו | Xanadu אירועים,077-729-6633,אולמות וגנים,https://engaged.co.il/המלצות/קסאנאדו.html,,,+972 3-934-5500,xanadu.co.il,"https://www.google.com/maps/search/?api=1&query=קסאנאדו+Xanadu+אירועים+בן+ציון+גליס+50,+פתח+תקווה",,4.0,1589,"בן ציון גליס 50, פתח תקווה, ישראל"
דריה | DARYA אירועי בוטיק,077-8046770,אולמות וגנים,https://engaged.co.il/המלצות/דריה.html,,,052-8166477,https://daryaevents.co.il,,,,208,"העמל 7, בת ים"
אטורה | Atura גן אירועים,,אולמות וגנים,https://engaged.co.il/המלצות/אטורה.html,,,077-2308703,https://atura.co.il,,,,618,"מיני ישראל, דואר נע שמשון, לאטרון 9976200"
לארה Lara Events,,אולמות וגנים,https://engaged.co.il/המלצות/לארה.html,,,077-6706696,https://lara-events.co.il/,,,,,"ירוק, כנות, Israel"
העמק | haemek event בית רגעים וזכרונות,,אולמות וגנים,https://engaged.co.il/המלצות/העמק-אירועים.html,,,03-3035060,https://www.haemek-events.co.il/,,,,,"צבי הנחל 1, פארק תעשיות, עמק חפר, נתניה"
ירוק על המים | Yarok Events גן אירועים,077-2312482,אולמות וגנים,https://engaged.co.il/המלצות/ירוק-על-המים.html,,,055-453-9536,https://www.yarok.co.il,,https://static.wixstatic.com/media/07d89b_02127264627443178044702a20164802~mv2.jpg,,,"קיבוץ חולדה, ד.נ עמק שורק 76842"
אמורה | Amore גן אירועים,,אולמות וגנים,https://engaged.co.il/המלצות/אמורה-אירועים.html,,,03-375-2507,amore-events.co.il,"https://www.google.com/maps/search/?api=1&query=%D7%90%D7%9E%D7%95%D7%A8%D7%94+Amore+%D7%92%D7%9F+%D7%90%D7%99%D7%A8%D7%95%D7%A2%D7%99%D7%9D+%D7%91%D7%9F+%D7%A6%D7%99%D7%95%D7%9F+%D7%92%D7%9C%D7%99%D7%A1+28,+%D7%A4%D7%AA%D7%97+%D7%AA%D7%A7%D7%95%D7%95%D7%94&query_place_id=ChIJ02122178961276867_647497462204147168_n",,4.4,621,"בן ציון גליס 28, פתח תקווה"
אפקה,,אולמות וגנים,https://engaged.co.il/המלצות/אפקה-אירועים.html,,,03-7442333,https://afeka-events.co.il/,https://www.google.com/maps/search/?api=1&query=אפקה+אירועים+בני+אפרים+228+תל+אביב+יפו,,,,"בני אפרים 228, תל אביב יפו"
טראסק | Trask אירועים על הים בתל אביב,,אולמות וגנים,https://engaged.co.il/המלצות/טראסק.html,,,077-2303188,https://www.trask.co.il/,"https://www.google.com/maps/place/%D7%98%D7%A8%D7%90%D7%A1%D7%A7+%7C+Trask+%D7%90%D7%99%D7%A8%D7%95%D7%A2%D7%99%D7%9D+%D7%A2%D7%9C+%D7%94%D7%99%D7%9D+%D7%91%D7%AA%D7%9C+%D7%90%D7%91%D7%99%D7%91/@32.097076,34.768644,17z/data=!4m8!3m7!1s0x151d4b8100000001:0x2281111111111111!8m2!3d32.097076!4d34.768644!9m1!1b1!16s%2Fg%2F11c21_1111?hl=iw&entry=ttu",https://www.trask.co.il/wp-content/uploads/2023/07/trask-logo.svg,4.3,1038,"יוסף יקותיאלי 6, נמל תל אביב"
אגדתא | Agadata,,אולמות וגנים,https://engaged.co.il/המלצות/אגדתא.html,,,08-858-6665,https://agadata.com,"https://www.google.com/maps/search/?api=1&query=%D7%90%D7%92%D7%93%D7%AA%D7%90+Agadata+%D7%9E%D7%95%D7%A2%D7%A6%D7%94+%D7%90%D7%96%D7%95%D7%A8%D7%99%D7%AA+%D7%99%D7%95%D7%90%D7%91,+%D7%A6%D7%95%D7%9E%D7%AA+%D7%A8%D7%90%D7%9D",,,2712,"מועצה אזורית יואב, צומת ראם, ד.נ 78000"
גן הפקאן | Gan Hapekan מתחם אירוח רמת הכובש,,אולמות וגנים,https://engaged.co.il/המלצות/גן-הפקאן.html,,,+972 9-747-4447,https://ganhapekan.co.il/,"https://www.google.com/maps/search/?api=1&query=גן+הפקאן+מתחם+אירוח+רמת+הכובש+רמת+הכובש,+4493000,+ישראל",https://ganhapekan.co.il/wp-content/uploads/2023/07/Gan-hapekan-song-dark-green.png,4.3,1401,"רמת הכובש, 4493000, ישראל"
אמיליה גן אירועים,,אולמות וגנים,https://engaged.co.il/המלצות/אמיליה.html,,,077-9978167,https://emilia-events.co.il,https://www.google.com/maps/search/אמיליה+גן+אירועים+יעקב+נחמיאס+1+ראשון+לציון,,,637,"יעקב נחמיאס 1, ראשון לציון"
תרין | Tarin מתחם אירועים וכנסים,077-9971685,אולמות וגנים,https://engaged.co.il/המלצות/תרין.html,,,0554539324,https://www.tarin.co.il/,"https://www.google.com/maps/place/%D7%AA%D7%A8%D7%99%D7%9F+-+%D7%9E%D7%AA%D7%97%D7%9D+%D7%90%D7%99%D7%A8%D7%95%D7%A2%D7%99%D7%9D+%D7%95%D7%9B%D7%A0%D7%A1%D7%99%D7%9D/@31.942796,34.801625,17z/data=!4m8!3m7!1s0x1502b21000000001:0x221319c522222222!8m2!3d31.942796!4d34.801625!9m1!1b1!16s%2Fg%2F11f0101010",https://www.tarin.co.il/wp-content/uploads/2023/04/tarin-logo-new.png,4.4,1675,"רח׳ אליעזר מזל 6, ראשון לציון"
גבריאל | Gavriel מתחם אירועים,,אולמות וגנים,https://engaged.co.il/המלצות/גבריאל-אירועים.html,,,077-2306092,https://www.gavri-el.co.il,"https://www.google.com/maps/place/%D7%92%D7%91%D7%A8%D7%99%D7%90%D7%9C+%D7%9E%D7%AA%D7%97%D7%9D+%D7%90%D7%99%D7%A8%D7%95%D7%A2%D7%99%D7%9D/@31.905648,34.789197,17z/data=!4m8!3m7!1s0x1502b70422111111:0x1111111111111111!8m2!3d31.905648!4d34.789197!9m1!1b1!16s%2Fg%2F11b7111111",https://www.gavri-el.co.il/wp-content/uploads/2023/02/logo.png,4.6,1000+,"הספורט 4, צומת בית עובד, נס ציונה"
אריא | Arya גן אירועים בשוהם,077-8050052,אולמות וגנים,https://engaged.co.il/המלצות/אריא-שוהם.html,,,055-4539563,,,,,,"ברוש 2, שוהם"
גני דל וינו | Del Vino פתח תקווה,,אולמות וגנים,https://engaged.co.il/המלצות/גני-דל-וינו.html,,,03-934-7035,,,,,,"הירקונים 67, פתח תקווה"
ממילא | Mamila events גן אירועים,077-2306467,אולמות וגנים,https://engaged.co.il/המלצות/ממילא.html,,,08-6990066,mamila.co.il,https://www.google.com/maps/search/%D7%9E%D7%9E%D7%99%D7%9C%D7%90+Mamila+events+%D7%92%D7%9F+%D7%90%D7%99%D7%A8%D7%95%D7%A2%D7%99%D7%9D+%D7%90%D7%A9%D7%93%D7%95%D7%93,,4.2,354,"האורגים 3, אשדוד"
ריין אירועים | Rain גן אירועים חדש בראשון לציון,077-9971114,אולמות וגנים,https://engaged.co.il/המלצות/ריין-ראשון.html,,,03-5224422,https://rain-events.co.il,,,,,"לזרוב 23, ראשון לציון"
טזורו | Tesoro גן אירועים,077-2305009,אולמות וגנים,https://engaged.co.il/המלצות/טזורו-אירועים.html,,,055-4339224,https://www.tesoro.co.il/,,,,,"משה סנה 199, רמת השרון"
הגבעה | Hagiva גן אירועים,,אולמות וגנים,https://engaged.co.il/המלצות/הגבעה-ברנר-אירועים.html,,,03-3094071,https://www.hagiva-event.co.il/,,,,,"קיבוץ גבעת ברנר, Israel"
עדיה | ADIA Evants אירועים וכנסים,077-8040229,אולמות וגנים,https://engaged.co.il/המלצות/עדיה.html,,,073-7533448,adia.co.il,,,4.5,1764,"שידלובסקי 3, יבנה"
ואסקו | Vasco בית לאירועים,077-2305002,אולמות וגנים,https://engaged.co.il/המלצות/ואסקו.html,,,03-6854444,https://www.vascoevents.co.il,https://www.google.com/maps/search/?api=1&query=%D7%95%D7%90%D7%A1%D7%A7%D7%95+Vasco+%D7%91%D7%99%D7%AA+%D7%9C%D7%90%D7%99%D7%A8%D7%95%D7%A2%D7%99%D7%9D+%D7%94%D7%9E%D7%9C%D7%90%D7%9B%D7%94+47+%D7%97%D7%95%D7%9C%D7%95%D7%9F,https://static.wixstatic.com/media/133d1c_50170094773a4935939223126759535b~mv2.png,4.5,610,"המלאכה 47, חולון"
אלוהה אירועים | Aloha,055-4311282,אולמות וגנים,https://engaged.co.il/המלצות/אלוהה.html,,,050-4242420,https://aloha-events.co.il,,,,,"פנחס בלקני 6, נתניה"
אמדו | Amado הרצליה,077-2309592,אולמות וגנים,https://engaged.co.il/המלצות/אמדו-הרצליה.html,,,077-2307497,https://amado.co.il,"https://www.google.com/maps/place/Amado/@32.164392,34.821361,17z/data=!4m8!1m2!2m1!1sאמדו+Amado+הרצליה!3m4!1s0x151d3947b0e0d69f:0x397753171329124!8m2!3d32.164392!4d34.821361?hl=iw&entry=ttu",https://amado.co.il/wp-content/uploads/2023/03/amado-logo.png,4.4,1038,"ז'בוטינסקי 5, קאנטרי קלאב הרצליה"
לילות קסומים | Lelot Ksumim גן אירועים בחפץ חיים,077-7299535,אולמות וגנים,https://engaged.co.il/המלצות/לילות-קסומים.html,,,08-8593879,https://lelot-ksumim.co.il/,,,,,קיבוץ חפץ חיים בסמוך לצומת כנות
נסיה | Nesya מתחם חלומות ואירועים,077-2305003,אולמות וגנים,https://engaged.co.il/המלצות/נסיה.html,,,08-8535353,https://nesyaevent.co.il/,"https://www.google.com/maps/place/%D7%A0%D7%A1%D7%99%D7%94+-+%D7%9E%D7%AA%D7%97%D7%9D+%D7%97%D7%9C%D7%95%D7%9E%D7%95%D7%AA+%D7%95%D7%90%D7%99%D7%A8%D7%95%D7%A2%D7%99%D7%9D/@31.777098,34.802143,17z/data=!4m8!3m7!1s0x1502b00000000000:0x1234567890abcdef!8m2!3d31.777098!4d34.802143!9m1!1b1!16s%2Fg%2F11c21_2222?hl=iw&entry=ttu",https://nesyaevent.co.il/wp-content/uploads/2024/01/logo-nesya.png,4.3,3368,"צומת ראם, על מפגש כביש 40 וכביש 3 (סמוך ליציאה מכביש 6)"
58 גן אירועים | Fifty-8 גן אירועים,,אולמות וגנים,https://engaged.co.il/המלצות/58-גן-אירועים.html,,,055-453-9302,https://www.fifty8.co.il,https://www.google.com/maps/search/58+%D7%92%D7%9F+%D7%90%D7%99%D7%A8%D7%95%D7%A2%D7%99%D7%9D+Fifty-8+%D7%92%D7%9F+%D7%90%D7%99%D7%A8%D7%95%D7%A2%D7%99%D7%9D+%D7%94%D7%99%D7%A8%D7%A7%D7%95%D7%A0%D7%99%D7%9D+58+%D7%A4%D7%AA%D7%97+%D7%AA%D7%A7%D7%95%D7%95%D7%94,"https://static.wixstatic.com/media/2a222c_1117135805174521921c226227652c7f~mv2.png/v1/fill/w_200,h_100,al_c,q_85,usm_0.66_1.00_0.01,enc_auto/58%20logo.png",4.5,2169,"HaYarkonim St 58, Petah Tikva, Israel"
איסט תל אביב | East tlv,077-4447232,אולמות וגנים,https://engaged.co.il/המלצות/איסט-תל-אביב.html,,,055-4539274,http://east-tlv.co.il/,,,,,"מיטב 13, תל אביב"
יד חרוצים,,אולמות וגנים,https://engaged.co.il/המלצות/יד-חרוצים-אירועים.html,,,03-7378338,,,,,356,"יד חרוצים 11, תל אביב יפו"
אלה אירועים | Ella Events גן אירועים,077-2308922,אולמות וגנים,https://engaged.co.il/המלצות/אלה-אירועים.html,,,055-453-9380,https://ella-events.co.il,"https://www.google.com/maps/place/%D7%90%D7%9C%D7%94+%D7%90%D7%99%D7%A8%D7%95%D7%A2%D7%99%D7%9D%E2%80%AD/@31.910971,34.793898,17z/data=!4m8!3m7!1s0x1502b11111111111:0x1111111111111111!8m2!3d31.910971!4d34.793898!9m1!1b1!16s%2Fg%2F11c6222222?hl=iw&entry=ttu",https://ella-events.co.il/wp-content/uploads/2023/04/ella-logo-new.png,4.2,1494,"האלופים 1, נס ציונה"
מרקטו אירועים | Mercato CITY.LOVE.EVENTS,077-8051613,אולמות וגנים,https://engaged.co.il/המלצות/מרקטו-אירועים.html,,,+972 50-832-2807,https://mercato-events.co.il,,,,,"הכשרת הישוב 3, ראשון לציון"
סיטרוס אירועים | Citrus,,אולמות וגנים,https://engaged.co.il/המלצות/סיטרוס-גן-אירועים.html,,,073-374-6863,https://www.citrus-events.co.il/,"https://www.google.com/maps/search/סיטרוס+אירועים+Citrus+ספיר+1,+אבן+יהודה",https://www.citrus-events.co.il/wp-content/uploads/2021/04/412124.jpg,4.6,1200,"הספיר 1, אבן יהודה"
טאי אירועים | tai אולם בוטיק בראשון לציון,077-9979466,אולמות וגנים,https://engaged.co.il/המלצות/טאי-אירועים.html,,,077-2310602,https://tai-events.com,https://www.google.com/maps/search/?api=1&query=טאי+אירועים+זאב+שלנג+4+ראשון+לציון,,4.9,314,"זאב שלנג 4, ראשון לציון"
קלואה | kalua אירועים על הים,055-4528111,אולמות וגנים,https://engaged.co.il/המלצות/קלואה.html,,,053-5983934,,,,,,"הטיילת 10, אשדוד"
גנני כנען,,אולמות וגנים,https://engaged.co.il/המלצות/גנני-כנען.html,,,08-9355051,https://www.ganeycnaan.co.il/,https://www.google.com/maps/search/גני+כנען+קיבוץ+נען,,,,קיבוץ נען
ווקו | Voco גן ארועים פתוח,,אולמות וגנים,https://engaged.co.il/המלצות/ווקו.html,,,050-4245283,vocoevents.co.il,,,,,"אלטלנה 8, ראשון לציון"
הבית הירוק | Green house אולם אירועים בתל אביב,,אולמות וגנים,https://engaged.co.il/המלצות/הבית-הירוק.html,,,03-9666434,,,,,,"Dr George Wise St 24, Tel Aviv-Yafo, Israel"
טירה על הים | Tira By The Sea מתמחים בחתונת בוטיק בים,077-2305001,אולמות וגנים,https://engaged.co.il/המלצות/טירה-על-הים.html,,,08-9301868,https://www.tira-events.co.il,"https://www.google.com/maps/place/%D7%98%D7%99%D7%A8%D7%94+%D7%A2%D7%9C+%D7%94%D7%99%D7%9D%E2%80%AD/@31.794688,34.634676,17z/data=!4m8!3m7!1s0x1502b11111111111:0x1111111111111111!8m2!3d31.794688!4d34.634676!9m1!1b1!16s%2Fg%2F11f0000000",,4.5,558,"1 Mafkura, Ashdod"
שאטו | Shato אירועים,,אולמות וגנים,https://engaged.co.il/המלצות/שאטו-אירועים-בילו.html,,,08-9418000,https://www.shato.co.il,"https://www.google.com/maps/place/%D7%A9%D7%90%D7%98%D7%95+%D7%90%D7%99%D7%A8%D7%95%D7%A2%D7%99%D7%9D%E2%80%AD/@31.873204,34.814394,17z/data=!4m8!3m7!1s0x1502b79c0b0b0b0b:0x1502b79c0b0b0b0b!8m2!3d31.873204!4d34.814394!9m1!1b1!16s%2Fg%2F11c2b79c0b0b0b0b?hl=iw",,4.2,1910,"בוסי סנט ג'ורג' 13, קריית עקרון"
בדולינה | Badolina אירועים,077-2319669,אולמות וגנים,https://engaged.co.il/המלצות/בדולינה.html,,,09-8890055,https://badolina.co.il,"https://www.google.com/maps/place/%D7%91%D7%93%D7%95%D7%9C%D7%99%D7%A0%D7%94+-+%D7%90%D7%95%D7%9C%D7%9D+%D7%90%D7%99%D7%A8%D7%95%D7%A2%D7%99%D7%9D+%D7%91%D7%A9%D7%A8%D7%95%D7%9F/@32.193026,34.880347,17z/data=!4m8!3m7!1s0x151d374400000001:0x1234567890abcdef!8m2!3d32.193026!4d34.880347!9m1!1b1!16s%2Fg%2F11b6_1234?hl=iw&entry=ttu",https://badolina.co.il/wp-content/uploads/2023/04/badolina-logo.png,4.3,848,"כליל החורש 1, רעננה"
לאגו | LAGO - אולם אירועים,077-9974970,אולמות וגנים,https://engaged.co.il/המלצות/לאגו.html,,,072-280-0100,http://www.lago-events.co.il/,,https://lago-events.co.il/wp-content/uploads/2023/07/lago-logo-white.png,,,"המאה ועשרים 6, ראשון לציון"
יער - מושב אורה | Yaar events,077-2306474,אולמות וגנים,https://engaged.co.il/המלצות/יער.html,,,02-501-1700,https://yaar-events.co.il,,,,,"Yasmin St 1, Ora, Israel"
אדאו בכנות | Adeo דף המלצות ומידע,,אולמות וגנים,https://engaged.co.il/המלצות/אדאו.html,,,052-9095491,https://www.adeo.co.il,,https://www.adeo.co.il/wp-content/uploads/2023/07/logo-adeo-new.png,,,"האדום 3, צומת כנות"
יניב מאורסים מאורסות | yaniv baruh חתונות הכל כלול,055-4547293,אולמות וגנים,https://engaged.co.il/המלצות/יניב-ברוך-מפיק.html,,,050-4447814,http://yanivbaruch.co.il,,https://orlykayam.com/wp-content/uploads/2020/07/yaniv-baruch-logo-1.jpg,,,"יוסף לישנסקי 4, ראשון לציון"
אדמה אירועים | ADAMA רגעים של אושר,,אולמות וגנים,https://engaged.co.il/המלצות/אדמה.html,,,08-8565060,https://adama-events.co.il,,https://adama-events.co.il/wp-content/uploads/2020/04/adama-logo.png,,,"האומן 9, אשדוד"
אהובת הספן | Ahuvat Hasapan אירועים,077-9978021,אולמות וגנים,https://engaged.co.il/המלצות/אהובת-הספן.html,,,054-9491175,https://ahuvat-hasapan.co.il/,,https://ahuvat-hasapan.co.il/wp-content/uploads/2022/03/logo-ahuvat-hasapan.png,,910,"יונה הנביא 2, אשדוד"
לואר | Luar Events אולם אירועים,,אולמות וגנים,https://engaged.co.il/המלצות/לואר.html,,,08-6766111,luarevents.com,"https://www.google.com/maps/search/?api=1&query=לואר+Luar+Events+אולם+אירועים+השדרה+המרכזית+15,+מודיעין",,,1001,"השדרה המרכזית 15, מודיעין"
תיאודור | theodor חתונות מיוחדות בהרצליה,077-9968776,אולמות וגנים,https://engaged.co.il/המלצות/fabiano-group.html,,,09-8660999,https://theodor.co.il,"https://www.google.com/maps/place/%D7%AA%D7%99%D7%90%D7%95%D7%93%D7%95%D7%A8+%7C+theodor+%D7%97%D7%AA%D7%95%D7%A0%D7%95%D7%AA+%D7%9E%D7%99%D7%95%D7%97%D7%93%D7%95%D7%AA+%D7%91%D7%94%D7%A8%D7%A6%D7%9C%D7%99%D7%94/@32.164348,34.848831,17z/data=!4m8!3m7!1s0x151d392300000001:0x1111111111111111!8m2!3d32.164348!4d34.848831!9m1!1b1!16s%2Fg%2F11f0000000",https://theodor.co.il/wp-content/uploads/2023/03/theodor-logo.png,4.6,108,"ז'בוטינסקי 15, הרצליה"
"טאו אירועים | Tao Events דף מידע, המלצות וכתבות.",,אולמות וגנים,https://engaged.co.il/המלצות/טאו-כנות.html,,,077-9979290,https://www.tao-events.co.il/,,"https://static.wixstatic.com/media/9d0124_17409279430c4061811802315264311c~mv2.png/v1/fill/w_200,h_100,al_c,q_85,usm_0.66_1.00_0.01,enc_auto/TAO%20%D7%9C%D7%95%D7%92%D7%95.png",,,ירוק 64 כנות
אווניו | Avenue מרכז אירועים וקונגרסים,073-7588572,אולמות וגנים,https://engaged.co.il/המלצות/אווניו-אירועים.html,,,055-453-9562,https://avenue-events.co.il,"https://www.google.com/maps/search/?api=1&query=%D7%90%D7%95%D7%95%D7%A0%D7%99%D7%95+Avenue+%D7%9E%D7%A8%D7%9B%D7%96+%D7%90%D7%99%D7%A8%D7%95%D7%A2%D7%99%D7%9D+%D7%95%D7%A7%D7%95%D7%A0%D7%92%D7%A8%D7%A1%D7%99%D7%9D+%D7%93%D7%A8%D7%9A+%D7%99%D7%A6%D7%97%D7%A7+%D7%A9%D7%93%D7%94+1,+%D7%A7%D7%A8%D7%99%D7%AA+%D7%A9%D7%93%D7%94+%D7%94%D7%AA%D7%A2%D7%95%D7%A4%D7%94",https://avenue-events.co.il/wp-content/uploads/2021/08/logo.png,8.8,3386,"דרך יצחק שדה 1, קריית שדה התעופה"
חצר נצר | Hatzar Nezer גן אירועים,077-9978601,אולמות וגנים,https://engaged.co.il/המלצות/חצר-נצר.html,,,08-9213939,https://www.hnetzer.co.il/,"https://www.google.com/maps/place/%D7%97%D7%A6%D7%A8+%D7%A0%D7%A6%D7%A8/@31.907954,34.800049,17z/data=!4m8!3m7!1s0x1502b6622832267f:0x413222162601912!8m2!3d31.907954!4d34.800049!9m1!1b1!16s%2Fg%2F11c212239w?hl=iw&entry=ttu",https://www.hnetzer.co.il/wp-content/uploads/2023/07/logo-hnetzer.png,4.6,2772,קיבוץ נצר סירני
קדם אירועים | Kedem,077-8050463,אולמות וגנים,https://engaged.co.il/המלצות/קדם.html,,,03-620-7030,https://www.kedem.io,,,,,קיבוץ בארות יצחק
ויה | Via Events גן אירועים,077-4447555,אולמות וגנים,https://engaged.co.il/המלצות/ויה-אירועים.html,,,08-6343550,http://www.via-events.co.il/,"https://www.google.com/maps/place/%D7%95%D7%99%D7%94+Via+Events+%D7%92%D7%9F+%D7%90%D7%99%D7%A8%D7%95%D7%A2%D7%99%D7%9D/@34.795804,34.795804,17z/data=!4m8!1m2!2m1!1s%D7%95%D7%99%D7%94+Via+Events+%D7%92%D7%9F+%D7%90%D7%99%D7%A8%D7%95%D7%A2%D7%99%D7%9D!3m4!1s0x1502b11111111111:0x1111111111111111!8m2!3d34.795804!4d34.795804?hl=iw&entry=ttu",https://www.via-events.co.il/wp-content/uploads/2020/07/logo-via-events.png,4.3,1188,"הנבחרת 6, נס ציונה"
גאיה נס ציונה | Gaya גן אירועים,077-7299534,אולמות וגנים,https://engaged.co.il/המלצות/גאיה-גן-אירועים.html,,,077-9968555,https://gaya-garden.co.il,"https://www.google.com/maps/place/%D7%92%D7%90%D7%99%D7%94+%D7%92%D7%9F+%D7%90%D7%99%D7%A8%D7%95%D7%A2%D7%99%D7%9D+%D7%95%D7%9B%D7%A0%D7%A1%D7%99%D7%9D%E2%80%AD/@31.905668,34.796987,17z/data=!4m8!3m7!1s0x1502b11d00000001:0x1502b11d00000001!8m2!3d31.905668!4d34.796987!9m1!1b1!16s%2Fg%2F11c2011111?hl=iw&entry=ttu",https://gaya-garden.co.il/wp-content/uploads/2023/04/logo-gaya.png,4.6,"1,861","האלופים 7, נס ציונה"
קיבוץ אירועים מול הים | kibbutz אירועים,0737586898,אולמות וגנים,https://engaged.co.il/המלצות/קיבוץ-אירועים-מול-הים.html,,,054-9652099,kibbutz.events,,,,,"הטיילת 19, ראשון לציון"
קליי אירועים | clay event אולם אורבני יוקרתי,077-8041776,אולמות וגנים,https://engaged.co.il/המלצות/קליי-אירועים.html,,,079-5768895,https://clay.co.il/,,https://clay.co.il/wp-content/uploads/2022/01/clay-logo-white.png,,,"אלכסנדר ינאי 13, פתח תקווה"
גרייס | Grace ראשון לציון,077-9966631,אולמות וגנים,https://engaged.co.il/המלצות/גרייס-ראשון-לציון.html,,,050-5320005,grace-events.co.il,,,,,"אצ""ל 9, ראשון לציון"
דואאה | Duee גן אירועים על אגם קסום,077-9707183,אולמות וגנים,https://engaged.co.il/המלצות/דואאה.html,,,072-260-6285,https://www.duee-bylago.co.il,,,,,"המאה ועשרים 6, ראשון לציון"
פראיסו | Paraiso events פראיסו אירועים,,אולמות וגנים,https://engaged.co.il/המלצות/פראיסו.html,,,050-333-3593,,,,,,"רוז'נסקי 12, ראשון לציון"
טופ דוראן,,אולמות וגנים,https://engaged.co.il/המלצות/טופ-דוראן-גן-אירועים.html,,,08-9466727,,,,,,"דרך גד פיינשטיין 101, רחובות"
ויגו | VIGO Events מתחם אירועים,077-2312042,אולמות וגנים,https://engaged.co.il/המלצות/ויגו-מתחם-אירועים-וכנסים.html,,,077-804-0063,vigo-events.co.il,"https://www.google.com/maps/place/%D7%95%D7%99%D7%92%D7%95+VIGO+Events+%D7%9E%D7%AA%D7%97%D7%9D+%D7%90%D7%99%D7%A8%D7%95%D7%A2%D7%99%D7%9D/@31.874984,34.808037,17z/data=!3m1!4b1!4m6!3m5!1s0x1502b70440000001:0x1b2c3d4e5f6a7b8c!8m2!3d31.874984!4d34.810611!16s%2Fg%2F11f0_00000!10m1!1e1",,4.1,866,"בוסי סנט ג'ורג 9, צומת ביל""ו, קריית עקרון"
ואמוס | Vamoss גן אירועים,077-8045219,אולמות וגנים,https://engaged.co.il/המלצות/ואמוס-אירועים.html,,,050-8004089,https://vamoss.co.il,,,,,"בן ציון גליס פינת הרכבת 55, פתח תקווה"
ג'ויה מיה | Gioia Mia גן אירועים,077-6670148,אולמות וגנים,https://engaged.co.il/המלצות/ג-ויה-מיה.html,,,03-9021466,https://www.gioiamia.co.il/,"https://www.google.com/maps/search/ג'ויה+מיה+Gioia+Mia+גן+אירועים+קיבוץ+נחשונים/@32.067399,34.939000,17z/data=!3m1!4b1!4m8!3m7!1s0x151d36b7a7b7a7b7:0x123456789abcdef!8m2!3d32.067399!4d34.939000!9m1!1b1?hl=iw&entry=ttu",https://static.wixstatic.com/media/12345_GioiaMia_Logo.png,4.5,1474,קיבוץ נחשונים
דרזנר 5 | Drezner 5 גן אירועים,,אולמות וגנים,https://engaged.co.il/המלצות/דרזנר-5.html,,,079-5768902,https://drezner5.co.il,https://www.google.com/maps/search/?api=1&query=דרזנר+5+Drezner+5+גן+אירועים+פתח+תקווה,https://drezner5.co.il/wp-content/uploads/2023/03/drezner5-logo.png,8.8,505,"יחיאל דרזנר 5, פתח תקווה"
ונישן | Venetian גן אירועים,0777295983,אולמות וגנים,https://engaged.co.il/המלצות/ונישן.html,,,0778052143,https://venetian-israel.com,"https://www.google.com/maps/search/ונישן+Venetian+גן+אירועים+נחשון+7,+פתח+תקווה",,,,"נחשון 7, פתח תקווה"
באסיקו | Basico אירועים,077-4447555,אולמות וגנים,https://engaged.co.il/המלצות/באסיקו.html,,,03-303-0888,https://basico-events.co.il/,https://www.google.com/maps/search/באסיקו+Basico+אירועים+הנבחרת+6+נס+ציונה,,4.6,450,"הנבחרת 6, נס ציונה, Israel"
נוביה אירועים | Novia,,אולמות וגנים,https://engaged.co.il/המלצות/נוביה-אירועים.html,,,04-8408080,https://novia.org.il,"https://www.google.com/maps/search/%D7%A0%D7%95%D7%91%D7%99%D7%94+%D7%90%D7%99%D7%A8%D7%95%D7%A2%D7%99%D7%9D+Novia+%D7%97%D7%9C%D7%95%D7%A6%D7%99+%D7%94%D7%AA%D7%A2%D7%A9%D7%99%D7%99%D7%94+67,+%D7%97%D7%99%D7%A4%D7%94",https://easy.co.il/images/orig/1895/15891916891589191689.jpg,4.3,1874,"חלוצי התעשייה 67, חיפה"
סקיי גארדן | SKY GARDEN פארק הייטק יוקנעם,073-7586811,אולמות וגנים,https://engaged.co.il/המלצות/סקיי-גארדן.html,,,04-8304444,https://skygarden.co.il/,,,,,"HaYozma St 6, Yokne'am Illit, 2069815, Israel"
כינורות | Kinorot גן אירועים,,אולמות וגנים,https://engaged.co.il/המלצות/כינורות-אירועים.html,,,055-4536736,https://www.kinorot.co.il/,"https://www.google.com/maps/search/כינורות+Kinorot+גן+אירועים+חלוצי+התעשייה+36,+חיפה",https://www.kinorot.co.il/wp-content/uploads/2020/08/logo.png,4.1,1855,"חלוצי התעשייה 36, חיפה"
שמורתה | shmurata גן אירועים,,אולמות וגנים,https://engaged.co.il/המלצות/שמורתה-אירועים.html,,,072-334-0356,https://www.shmurata.co.il,https://www.google.com/maps/place/%D7%A9%D7%9E%D7%95%D7%A8%D7%AA%D7%94+%D7%92%D7%9F+%D7%90%D7%99%D7%A8%D7%95%D7%A2%D7%99%D7%9D%E2%80%AD/data=!4m8!3m7!1s0x151d682411111111:0x1111111111111111!8m2!3d32.800045!4d35.078976!9m1!1b1!16s%2Fg%2F11c21111111,,4.6,"1,000+",קיבוץ אפק
הינומה | Hinooma גן אירועים,,אולמות וגנים,https://engaged.co.il/המלצות/הינומה-אירועים.html,,,077-996-6070,hinooma.co.il,https://www.google.com/maps/search/הינומה+Hinooma+גן+אירועים+דרך+בר+יהודה+96+נשר,,4.6,34,"דרך בר יהודה 96, נשר"
אולם מגדל חיפה אירועי בוטיק באווירה חמה,,אולמות וגנים,https://engaged.co.il/המלצות/אולם-מגדל-חיפה.html,,,03-3035060,https://haifatower.co.il,"https://www.google.com/maps/place/%D7%9E%D7%9C%D7%95%D7%9F+%D7%9E%D7%92%D7%93%D7%9C+%D7%97%D7%99%D7%A4%D7%94%E2%80%AD/@32.8078795,35.0009559,17z/data=!4m8!1m2!2m1!1s%D7%9E%D7%9C%D7%95%D7%9F+%D7%9E%D7%92%D7%93%D7%9C+%D7%97%D7%99%D7%A4%D7%94!3m4!1s0x151dbb28c5000001:0x228911579410141!8m2!3d32.8078795!4d35.0009559?hl=iw",https://haifatower.co.il/wp-content/uploads/2023/07/logo-migdal-haifa.png,3.9,1780,"הרצל 63, חיפה, 3321214"
אולמי לבן | Lavan Eruim גן אירועים,,אולמות וגנים,https://engaged.co.il/המלצות/לבן-אירועים.html,,,052-9170790,https://lavan-events.co.il/,,,,,"התעשייה 26, קרית אתא"
אדם וחווה | Adam Ve Hava Events גן אירועים,,אולמות וגנים,https://engaged.co.il/המלצות/אדם-וחווה-אירועים.html,,,079-5740365,,https://www.google.com/maps/search/?api=1&query=%D7%90%D7%93%D7%9D+%D7%95%D7%97%D7%95%D7%95%D7%94+Adam+Ve+Hava+Events+%D7%92%D7%9F+%D7%90%D7%99%D7%A8%D7%95%D7%A2%D7%99%D7%9D+%D7%97%D7%99%D7%A4%D7%94,,,1693,"קדושי יאסי 2, חיפה"
סילבר אירועים | SILVER EVENTS מתחם אירועים,,אולמות וגנים,https://engaged.co.il/המלצות/סילבר-אירועים.html,,,08-6722256,,,,,,"צומת סילבר, אשקלון"
המערה גן אירועים,,אולמות וגנים,https://engaged.co.il/המלצות/גן-אירועים-המערה.html,,,08-6874222,,,,,,"קיבוץ בית גוברין, 79370"
שרי אירועים | saray events,077-2309222,אולמות וגנים,https://engaged.co.il/המלצות/שרי-אירועים.html,,,0505295229,https://sarayevents.co.il,"https://www.google.com/maps/search/?api=1&query=שרי+אירועים+Saray+events,פאוור+סנטר+שער+אשקלון,+אשקלון",,5.0,9,"פאוור סנטר שער אשקלון, אשקלון, Israel"
ארבע עונות | Arba Onot גן אירועים בדרום,077-2303520,אולמות וגנים,https://engaged.co.il/המלצות/ארבע-עונות-אירועים.html,,,050-3700900,https://lp.arba-onot.co.il,,,,1696,קיבוץ ברור חיל
דוריה | Dorya אירועים,,אולמות וגנים,https://engaged.co.il/המלצות/דוריה.html,,,08-8505059,https://doryaevent.co.il,https://www.google.com/maps/search/?api=1&query=דוריה+Dorya+אירועים,,,2684,מתחם דוריה - צמוד למתחם חמי יואב על כביש 35 בין אשקלון לקריית גת
אחוזת דניאל | Ahuzat Daniel אירועים וכנסים,,אולמות וגנים,https://engaged.co.il/המלצות/אחוזת-דניאל.html,,,08-9933433,https://ahuzat-daniel.co.il,"https://www.google.com/maps/search/?api=1&query=אחוזת+דניאל+אירועים+וכנסים+היוגב+1,+נתיבות,+ישראל",,4.4,1491,"HaYogev 1, Netivot, Israel"
טרויה | Troya אירועים,,אולמות וגנים,https://engaged.co.il/המלצות/טרויה.html,,,1800-800-870,https://www.troya-garden.co.il/,"https://www.google.com/maps/place/%D7%98%D7%A8%D7%95%D7%99%D7%94+Troya+%D7%90%D7%99%D7%A8%D7%95%D7%A2%D7%99%D7%9D/@31.802874,34.721497,17z/data=!4m8!1m2!2m1!1s%D7%98%D7%A8%D7%95%D7%99%D7%94+Troya+%D7%90%D7%99%D7%A8%D7%95%D7%A2%D7%99%D7%9D!3m4!1s0x1502b11542475555:0x8922222222222222!8m2!3d31.802874!4d34.721497?hl=iw&entry=ttu",https://www.troya-garden.co.il/wp-content/uploads/2023/03/logo-black.png,4.3,2907,"מתחם בני דרום, אשדוד, ישראל"
הופה אירועים | OPA EVENTS,077-2303601,אולמות וגנים,https://engaged.co.il/המלצות/הופה-אירועים.html,,,+972 50-383-8026,https://opa-events.co.il/,,,,,"מתחם יכין, אשקלון, Israel"
האגם - אירועים בגן הבוטני | haagam אירועים בגן הבוטני,,אולמות וגנים,https://engaged.co.il/המלצות/האגם-אירועים-בגן-הבוטני.html,,,050-5558483,https://haagam.co.il,https://www.google.com/maps/search/?api=1&query=האגם+-+אירועים+בגן+הבוטני+יהודה+בורלא+1+ירושלים,,4.3,112,"יהודה בורלא 1, ירושלים, ישראל"
גאמוס ריזורט | GAMOS RESORT,073-7586813,אולמות וגנים,https://engaged.co.il/המלצות/גאמוס-ריזורט.html,,,077-9972343,https://gamos.co.il,,,,,"די זהב 7, פארק ישראל מעלה אדומים"
גן אירועים סרה - SERA | SERA גן אירועים בעמק האלה,,אולמות וגנים,https://engaged.co.il/המלצות/גן-אירועים-סרה-sera.html,,,077-2305244,https://sera-events.co.il,,https://sera-events.co.il/wp-content/uploads/2024/01/logo-sera-white.png,,,"Hamelacha 203, Beit Shemesh, Emek HaEla"
הדריה | hdarya אולם וגן אירועים,,אולמות וגנים,https://engaged.co.il/המלצות/הדריה.html,,,02-6732255,hdarya.co.il,,,,1347,"האומן 2, ירושלים"
יקב פסגות | PSAGOT WINES אירועים,077-9979800,אולמות וגנים,https://engaged.co.il/המלצות/יקב-פסגות.html,,,02-9979333,https://www.psagotwines.com/,"https://www.google.com/maps/place/Psagot+Winery/@31.887895,35.263845,17z/data=!4m8!3m7!1s0x1502d733a1b2a2a1:0x2b2b2b2b2b2b2b2b!8m2!3d31.887895!4d35.263845!9m1!1b1!16s%2Fg%2F11c2121212?hl=en&coh=1&csrp=1&srp_action=1&srp_client=gmb&srp_from=gmb_reviews&srp_id=11c2121212&srp_type=3&srp_subtype=3&srp_query=Psagot+Winery",https://upload.wikimedia.org/wikipedia/commons/e/e6/Psagot_Winery_Jug_logo.png,4.7,965,הכורם 8 א.ת. שער בנימין
חוות עמק איילון,,אולמות וגנים,https://engaged.co.il/המלצות/חוות-עמק-איילון.html,,,054-6155458,http://www.hea.co.il,,https://www.hea.co.il/wp-content/uploads/2020/07/logo-1.png,,,מבוא חורון
קדמא נווה אילן | Kedma גן אירועים,,אולמות וגנים,https://engaged.co.il/המלצות/קדמא.html,,,02-570-0171,https://www.kedma-garden.com/,"https://www.google.com/maps/place/%D7%A7%D7%93%D7%9E%D7%90+%D7%A0%D7%95%D7%95%D7%94+%D7%90%D7%99%D7%9C%D7%9F%E2%80%AD/@31.801692,35.074741,17z/data=!4m8!3m7!1s0x1502d71800000001:0x1502d71800000001!8m2!3d31.801692!4d35.074741!9m1!1b1!16s%2Fg%2F11c2100000",https://www.kedma-garden.com/wp-content/uploads/2021/07/logo-kedma.png,4.5,2129,מושב נווה אילן
אמרלד | Emerald גן אירועים אמרלד,077-9965575,אולמות וגנים,https://engaged.co.il/המלצות/אמרלד.html,,,02-992-4445,https://emeraldgarden.co.il,"https://www.google.com/maps/place/%D7%90%D7%9E%D7%A8%D7%9C%D7%93+-+%D7%92%D7%9F+%D7%90%D7%99%D7%A8%D7%95%D7%A2%D7%99%D7%9D%E2%80%AD/@31.760081,34.978939,17z/data=!4m6!3m5!1s0x1502d71d0d0d0d0d:0x1502d71d0d0d0d0d!8m2!3d31.760081!4d34.978939!16s%2Fg%2F11c2d71d0d0d0d0d?hl=iw&entry=ttu",,4.5,1846,"פארק תעשיות שורק 14, בית שמש"
גאמוס אירועים | GAMOS EVENTS,073-7586813,אולמות וגנים,https://engaged.co.il/המלצות/גאמוס-אירועים.html,,,077-9972343,https://www.gamos.co.il,"https://www.google.com/maps/search/די+זהב+7,+פארק+ישראל+מעלה+אדומים",,9.4,180,"די זהב 7, פארק ישראל מעלה אדומים"
וולקאן | Volcan Events גן אירועים,077-8041141,אולמות וגנים,https://engaged.co.il/המלצות/וולקאן.html,,,077-2315077,https://www.volcanevents.co.il,https://www.google.com/maps/search/?api=1&query=וולקאן+Volcan+Events+גן+אירועים+גנרל+פייר+קניג+39+ירושלים,https://www.volcanevents.co.il/wp-content/uploads/2023/03/volcan-logo.png,4.8,913,"גנרל פייר קניג 39, ירושלים"
עין יעל | Ein yael גן אירועים,077-9969474,אולמות וגנים,https://engaged.co.il/המלצות/גן-אירועים-עין-יעל.html,,,02-6451866,https://einyael.co.il,,,,,"דרך יצחק מודעי 1, ירושלים"
הבוסתן – גן לאירועים בכפר | bustanbacfar גן לאירועים בכפר,,אולמות וגנים,https://engaged.co.il/המלצות/הבוסתן-–-גן-לאירועים-בכפר.html,,,02-6732770,bustanbacfar.co.il,,,,,"המצפה, אבו גוש"
קסיופאה | Cassiopeia אירועים במרינה בהרצליה,,אולמות וגנים,https://engaged.co.il/המלצות/קסיופאה-אירועים.html,,,053-9418188,,,,4.1,870,"השונית 2, הרצליה (קניון ארנה)"
ערוגות הבושם | Arugot Bosem גן אירועים,077-231-8039,אולמות וגנים,https://engaged.co.il/המלצות/ערוגות-הבושם.html,,,1-700-509-999,https://www.arugotbosem.co.il/,https://www.google.com/maps/search/?api=1&query=%D7%A2%D7%A8%D7%95%D7%92%D7%95%D7%AA+%D7%94%D7%91%D7%95%D7%A9%D7%9D+%D7%92%D7%9F+%D7%90%D7%99%D7%A8%D7%95%D7%A2%D7%99%D7%9D+%D7%97%D7%93%D7%A8%D7%94,,4.3,1882,"כביש 4, בכניסה לפארק השרון, חדרה, ישראל"
קיסר ים | Caesar Yam גן אירועים בקסריה,077-8042034,אולמות וגנים,https://engaged.co.il/המלצות/קיסר-ים.html,,,052-909-7921,https://caesaryam.com,"https://www.google.com/maps/place/%D7%A7%D7%99%D7%A1%D7%A8+%D7%99%D7%9D+Caesar+Yam+%D7%92%D7%9F+%D7%90%D7%99%D7%A8%D7%95%D7%A2%D7%99%D7%9D+%D7%91%D7%A7%D7%A1%D7%A8%D7%99%D7%94/@32.500000,34.900000,15z/data=!4m8!3m7!1s0x151d111111111111:0x1111111111111111!8m2!3d32.500000!4d34.900000!9m1!1b1?hl=iw",https://caesaryam.com/wp-content/uploads/2023/05/logo-new.png,4.6,530,נמל קיסריה
אודאון | Odeon - גן אירועים,077-9977400,אולמות וגנים,https://engaged.co.il/המלצות/אודאון.html,,,072-216-0052,https://odeon.co.il,https://www.google.com/maps/search/?api=1&query=Odeon+Events+Garden+HaMasik+St+6+Emek+Hefer+Industrial+Park+Hefer+Valley+Israel,https://odeon.co.il/wp-content/uploads/2021/04/logo.png,4.5,1265,"HaMasik St 6, Emek Hefer Industrial Park, Hefer Valley, Israel"
יקבי קיסריה | Yikvey Caesarea אירועים בקיסריה,077-2244879,אולמות וגנים,https://engaged.co.il/המלצות/יקבי-קיסריה-אירועים.html,,,04-626-4644,https://www.yikvey-caesarea.co.il/,https://www.google.com/maps/search/יקבי+קיסריה+Yikvey+Caesarea+אירועים+בקיסריה,https://www.yikvey-caesarea.co.il/wp-content/uploads/2023/02/logo-yikvey-caesarea.png,4.4,320,"גן הפסלים, נמל קיסריה"
אקו חדרה | ECO גן אירועים,077-9976891,אולמות וגנים,https://engaged.co.il/המלצות/אקו-גן-אירועים.html,,,+972 73-726-3333,d-eco.co.il,https://www.google.com/maps/search/אקו+חדרה+ECO+גן+אירועים+בעלי+מלאכה+31+חדרה,,4.2,1580,"בעלי מלאכה 31, חדרה, ישראל"
ג'ונה | Jonah גן אירועים,077-8047797,אולמות וגנים,https://engaged.co.il/המלצות/גונה-נתניה.html,,,077-670-5000,https://www.jonah.co.il/,,,,,"קהילת צפת 2, נתניה"
חופית | hofit events בית קולינרי לאירועים,077-8040842,אולמות וגנים,https://engaged.co.il/המלצות/חופית.html,,,077-2305750,https://hofit-events.co.il/,https://www.google.com/maps/search/חופית+hofit+events+בית+קולינרי+לאירועים,,,,"קניון אם הדרך, בית חירות, Israel"
מי מתחם אירועים ברעננה | ME EVENTS מתחם אירועי בוטיק בשרון,077-9975711,אולמות וגנים,https://engaged.co.il/המלצות/מי-אירועים-רעננה.html,,,072-3970112,https://me-events.co.il,"https://www.google.com/maps/place/ME+Events/@32.191599,34.871025,17z/data=!4m8!1m2!2m1!1sME+EVENTS+%D7%9E%D7%AA%D7%97%D7%9D+%D7%90%D7%99%D7%A8%D7%95%D7%A2%D7%99+%D7%91%D7%95%D7%98%D7%99%D7%A7+%D7%91%D7%A9%D7%A8%D7%95%D7%9F!3m4!1s0x151d371400000001:0x123456789abcdef0!8m2!3d32.191599!4d34.871025!9m1!1b1?hl=iw",https://me-events.co.il/wp-content/uploads/2021/07/me-events-logo.png,4.7,93,"התדהר 2, רעננה, 4366504, ישראל"
ווין אירועים | win events win events,077-2309899,אולמות וגנים,https://engaged.co.il/המלצות/ווין-אירועים.html,,,04-6569791,https://winevents.co.il/,"https://www.google.com/maps/search/?api=1&query=ווין+אירועים,התלם+1+פארק+תעשייה+עמק+חפר",,4.2,782,"התלם 1, פארק תעשייה, עמק חפר, Israel"
אחוזה בית חנן | Haachuza Beit Hanan גן אירועים,,אולמות וגנים,https://engaged.co.il/המלצות/אחוזה-בית-חנן.html,,,03-9500105,https://achuza.co.il,https://www.google.com/maps/search/?api=1&query=אחוזה+בית+חנן+גן+אירועים&query_place_id=ChIJg21_127_HRUR21_127_HRU,,4.8,300,"דרך הפקאן, בית חנן, Israel"
קדיתא | Kadita גן אירועים,077-4447129,אולמות וגנים,https://engaged.co.il/המלצות/קדיתא.html,,,055-453-9715,https://kadita-events.co.il/,,,,,המסיק 5 עמק חפר ת.ד 169 מיקוד 3877701
אלכסנדר | Alexander גן ארועים,077-2315810,אולמות וגנים,https://engaged.co.il/המלצות/אלכסנדר.html,,,09-8332266,https://alexander-events.co.il,"https://www.google.com/maps/place/%D7%90%D7%9C%D7%9B%D7%A1%D7%A0%D7%93%D7%A8+%D7%90%D7%99%D7%A8%D7%95%D7%A2%D7%99%D7%9D%E2%80%AD/@32.399566,34.896756,17z/data=!4m8!3m7!1s0x151d382222222222:0x123456789abcdef0!8m2!3d32.399566!4d34.896756!9m1!1b1!16s%2Fg%2F11c2222222?hl=iw&entry=ttu",https://alexander-events.co.il/wp-content/uploads/2021/07/Alexander-Logo.png,4.7,1000+,"המסיק 2, עמק חפר"
בית | Bait Events גן אירועים,,אולמות וגנים,https://engaged.co.il/המלצות/בית-רעננה-אירועים.html,,,09-7466555,https://bait-events.co.il,https://www.google.com/maps/search/?api=1&query=בית+Bait+Events+גן+אירועים+HaTa'asiya+St+10+Ra'anana,,4.5,1420,"HaTa'asiya St 10, Ra'anana, Israel"
גאיה חדרה | Gaya Hadera,055-4547281,אולמות וגנים,https://engaged.co.il/המלצות/גאיה-חדרה.html,,,055-4539480,https://gaya-hadera.co.il,"https://www.google.com/maps/place/%D7%92%D7%90%D7%99%D7%94+%D7%97%D7%93%D7%A8%D7%94%E2%80%AD/@32.433939,34.922129,17z/data=!4m8!3m7!1s0x151d161102231201:0x31165306e232962!8m2!3d32.433939!4d34.922129!9m1!1b1!16s%2Fg%2F11c261_23c?hl=iw&entry=ttu",https://gaya-hadera.co.il/wp-content/uploads/2023/03/logo-gaya.png,4.8,1651,"האומן 12, חדרה"
מתקן צילום 360 צילום 360 לאירועים,,אטרקציות,https://engaged.co.il/המלצות/מתקן-צילום-360.html,,,050-9030901,https://faceit.co.il/,,,,,
בית על הים | Hous On The Sea חתונה בתל אביב,,אולמות וגנים,https://engaged.co.il/המלצות/בית-על-הים.html,,,03-7174666,housea.co.il,https://www.google.com/maps/search/?api=1&query=בית+על+הים+Hous+On+The+Sea+חתונה+בתל+אביב+Ruslan+Street+1+Tel+Aviv-Yafo,,4.5,1547,"Ruslan Street 1, Tel Aviv-Yafo"
השמורה | shmura גן אירועים בטבע,,אולמות וגנים,https://engaged.co.il/המלצות/השמורה.html,,,0523615165,,,,,,"הזגג 1, חדרה, Israel"
חוות אלנבי | Alenby Events גן אירועים,077-9971106,אולמות וגנים,https://engaged.co.il/המלצות/חוות-אלנבי.html,,,077-9965086,https://www.alenby-events.co.il/,https://www.google.com/maps/search/?api=1&query=חוות+אלנבי+Alenby+Events+נצר+סרני,https://www.alenby-events.co.il/wp-content/uploads/2018/06/logo.png,4.5,292,קיבוץ נצר סרני
לין הפקות | lin productions החלום שלכם- המציאות שלנו,,אולמות וגנים,https://engaged.co.il/המלצות/לין-הפקות.html,,,054-222-2222,https://www.linproductions.co.il/,https://www.google.com/search?q=לין+הפקות+lin+productions+reviews,https://static.wixstatic.com/media/8f7e3e_414563975225290_1847857938_n.jpg,4.9,124,"Tel Aviv-Yafo, Israel"
חלום בחווה | HALOM BAHAVA גן אירועים בטבע,077-8040813,אולמות וגנים,https://engaged.co.il/המלצות/חלום-בחווה.html,,,050-588-5000,https://halombahava.co.il,https://www.google.com/search?q=חלום+בחווה+חדרה+ביקורות,,5.0,19,"צה""ל 100, חדרה"
סנטרל | Central Events מתחם אירועים חדש במרכז,077-8053229,אולמות וגנים,https://engaged.co.il/המלצות/מתחם-האירועים-סנטרל.html,,,03-635-4040,https://central-events.co.il/,https://www.google.com/maps/search/?api=1&query=%D7%A1%D7%A0%D7%98%D7%A8%D7%9C+Central+Events+%D7%A4%D7%AA%D7%97+%D7%AA%D7%A7%D7%95%D7%95%D7%94,https://central-events.co.il/wp-content/uploads/2023/01/central-logo.png,4.4,198,"תוצרת הארץ 3, פתח תקווה"
רוקח | Rokach גן אירועים,,אולמות וגנים,https://engaged.co.il/המלצות/רוקח-אירועים.html,,,03-7449000,https://rokach-events.co.il/,https://www.google.com/maps/search/?api=1&query=%D7%A8%D7%95%D7%A7%D7%97+Rokach+%D7%92%D7%9F+%D7%90%D7%99%D7%A8%D7%95%D7%A2%D7%99%D7%9D,https://rokach-events.co.il/wp-content/uploads/2022/05/logo-rokach.png,4.3,751,"שדרות רוקח 101, תל אביב יפו"
עדן - גן האירועים | Eden- Events garden& hall גן אירועים מיוחד בשרון,,אולמות וגנים,https://engaged.co.il/המלצות/עדן-על-המים-אירועים.html,,,09-7669299,https://www.gan-eden.co.il/,https://www.google.com/maps/search/?api=1&query=%D7%A2%D7%93%D7%9F+-%D7%92%D7%9F+%D7%94%D7%90%D7%99%D7%A8%D7%95%D7%A2%D7%99%D7%9D+%D7%A0%D7%99%D7%A8+%D7%90%D7%9C%D7%99%D7%94%D7%95,https://www.gan-eden.co.il/wp-content/uploads/2023/05/EDEN_final_logo3.png,4.4,1672,"קיבוץ ניר אליהו, 4584500, ישראל"
ארטיסטה אירועים | Artista תתכוננו להתאהב (בפעם השנייה),077-8041522,אולמות וגנים,https://engaged.co.il/המלצות/ארטיסטה-ארועים.html,,,052-6098609,https://artista-israel.com/,https://www.google.com/maps/search/?api=1&query=ארטיסטה+אירועים+חדרה,https://static.wixstatic.com/media/0ee549a5-0ffa-4131-8036-5b3f6b92dc61.jpg,4.3,273,"המסגר 22, חדרה"
על הנחל | Al Hanahal Events אירועים תחת כיפת השמיים,077-7299546,אולמות וגנים,https://engaged.co.il/המלצות/על-הנחל.html,,,052-9095121,https://d-eco.co.il,https://www.google.com/maps/search/?api=1&query=%D7%A2%D7%9C+%D7%94%D7%A0%D7%97%D7%9C+%D7%90%D7%99%D7%A8%D7%95%D7%A2%D7%99%D7%9D+%D7%97%D7%93%D7%A8%D7%94,https://d-eco.co.il/wp-content/uploads/2023/06/DSC08491-scaled.jpg,4.2,447,"בעלי מלאכה 31, חדרה"
5.91 | events 5.91 אירועים על הים,077-8052122,אולמות וגנים,https://engaged.co.il/המלצות/5-91-אירועים.html,,,055-453-9311,https://591.co.il/,"https://www.google.com/maps/place/5.91+-+%D7%90%D7%99%D7%A8%D7%95%D7%A2%D7%99%D7%9D+%D7%A2%D7%9C+%D7%94%D7%99%D7%9D/@32.308738,34.840942,17z/data=!4m8!3m7!1s0x151d3f8366666667:0x6666666666666666!8m2!3d32.308738!4d34.840942!9m1!1b1!16s%2Fg%2F11f3_6_6_6",https://591.co.il/wp-content/uploads/2023/05/5.91-Beach-House-Logo.png,4.5,916,"שדרות עובד בן עמי 2, נתניה, ישראל"
דה גארדן | The Garden גן אירועים,,אולמות וגנים,https://engaged.co.il/המלצות/היקב-גארדן.html,,,055-4336295,https://the-garden.co.il/,https://www.google.com/maps/search/?api=1&query=The+Garden+דה+גארדן+נתניה,https://the-garden.co.il/wp-content/uploads/2023/11/The-Garden-Logo.png,4.6,102,"שולמית 4, חוף פולג, נתניה"
88 גן אירועים | 88 בעמק חפר,077-8043304,אולמות וגנים,https://engaged.co.il/המלצות/88-גן-אירועים-בעמק.html,,,055-453-9653,https://8eighty.co.il/,https://www.google.com/maps/search/?api=1&query=88+גן+אירועים+עמק+חפר,https://8eighty.co.il/wp-content/uploads/2024/04/88-logo.png,4.4,73,"נחל אלכסנדר 26, עמק חפר"
קאי | kahi resort ריזורט אירועים,077-4446898,אולמות וגנים,https://engaged.co.il/המלצות/קאי-ריזורט-לאירועים.html,,,077-8040442,https://kahi.co.il/,https://www.google.com/search?q=%D7%A7%D7%90%D7%99+kahi+resort+%D7%A8%D7%99%D7%96%D7%95%D7%A8%D7%98+%D7%90%D7%99%D7%A8%D7%95%D7%A2%D7%99%D7%9D+reviews,https://kahi.co.il/wp-content/uploads/2021/06/kahi_wed17-2.jpg,4.5,1795,"השיטה 5, פארק תעשיות עמק חפר"
white אירועים,077-2305008,אולמות וגנים,https://engaged.co.il/המלצות/white-גן-אירועים.html,,,050-3449944,https://white-events.co.il/,,,0.0,0,"תדהר, פרדס חנה כרכור"
קו המים | Kav Hamaim אירועים על הים,077-8050216,אולמות וגנים,https://engaged.co.il/המלצות/אל-ים-וילה-קיארה.html,,,077-2312680,https://kavhamaim.co.il/,,,0.0,0,"פולג, נתניה"
תל יה גן אירועים | Telya גן אירועים,,אולמות וגנים,https://engaged.co.il/המלצות/תל-יה-אירועים.html,,,09-8992277,https://telya-events.co.il/,,,0.0,0,תל יצחק
הגן בשפיים | Hagan Beshefayim גן אירועים,,אולמות וגנים,https://engaged.co.il/המלצות/הגן-השקוף.html,,,055-4539507,https://www.haganbeshefayim.co.il/,,,0.0,0,קיבוץ שפיים
אגדת דשא | Agadat Deshe גן אירועים,,אולמות וגנים,https://engaged.co.il/המלצות/אגדת-דשא-אירועים.html,,,04-6372680,https://www.agadat-deshe.co.il/,,,0.0,0,"דרך פיק""א 1, פרדס חנה-כרכור"
לימאי | Limai אירועים חדרה,,אולמות וגנים,https://engaged.co.il/המלצות/לימאי.html,,,052-9123805,https://limai-events.co.il/,,,0.0,0,"הרב עוזיאל 7, חדרה"
עלמה | Alma אבן יהודה,,אולמות וגנים,https://engaged.co.il/המלצות/עלמה.html,,,09-7717267,https://almahouse.co.il/,,,0.0,0,"שיזף 2, אבן יהודה"
הגלריה לאירועים | Gallery Event בית לאירועים שמחים,077-8042532,אולמות וגנים,https://engaged.co.il/המלצות/הגלריה-לאירועים.html,,,077-2309001,https://gallery-event.co.il/,,,0.0,0,"בית חרות, עמק חפר"
נועם הפקות צילום אירועים,,צלמים,https://engaged.co.il/המלצות/נועם-הפקות-צילום-חתונה.html,,,0542240418,,,,0.0,0,שדרות
משה צילום | Moshe Moshe,,צלמים,https://engaged.co.il/המלצות/משה-צילום.html,,,052-3834080,,,,0.0,0,"אשכנזי 19, יהוד, מתחם אשכנזי החדש חנות 46"
לני - צלם אירועים | אילן מידן אילן מידן,,צלמים,https://engaged.co.il/המלצות/לני-צלם-אירועים.html,,,052-643-30-30,https://www.facebook.com/Lenifoto10,0.0,0,"שייקה אופיר 11, ראש העין",,
טריו צילום-ניסן אביטל | TRIO Photography by Nisan Avital צילום חתונות וארועים,,צלמים,https://engaged.co.il/המלצות/טריו-צילום-ניסן-אביטל.html,,,052-6266623,,5.0,2,חיפה,,
פטריק הצלם | Patrick your Photographer צלם סטילס ומגנטים,,צלמים,https://engaged.co.il/המלצות/פטריק-הצלם.html,,,050-7891198,patrick-photographer.co.il,0.0,0,"אירוס הארגמן 48, נתניה",,
רמי כהן | rami cohen photography צילום וידאו וסטילס,,צלמים,https://engaged.co.il/המלצות/רמי-כהן.html,,,054-6608813,,0.0,0,"הרצל 102, ראשון לציון",,
ארן חן צלמים | Eran Chen,,צלמים,https://engaged.co.il/המלצות/ארן-חן-צלמים.html,,,050-5996163,,0.0,0,Kafr Saba,,
רון הילל צלם ועורך ויד | Ronhilelvideo צילום וידאו 4K לאירועים,,צלמים,https://engaged.co.il/המלצות/רון-הילל-צלם-ועורך-ויד.html,,,053-5222926,,0.0,0,,,
גרדנר צלום אירועים | GARDNER רואים את כ-ל התמונה,,צלמים,https://engaged.co.il/המלצות/גרדנר-צלום-אירועים.html,,,050-4110757,,0.0,0,"כגן הלנה 0, ירושלים",,
בראשית צילום בראשית ישראל ואיריס פרסי,053-793-4017,צלמים,https://engaged.co.il/המלצות/בראשית-ישראל-פרסי.html,,,050-939-5599,,0.0,0,"דוד סחרוב 3 ראשל""צ (מגדל סטוצ'י)",,
ויקטוריה לומברג צילום | VL Photo צלמת אירועים ומשפחה,,צלמים,https://engaged.co.il/המלצות/ויקטוריה-לומברג-צילום.html,,,0523149957,,0.0,0,"ז'בוטינסקי 93, פ""""ת",,
אסף גבאי | A.G Photography צלם חתונות,,צלמים,https://engaged.co.il/המלצות/אסף-גבאי-a-g-photography.html,,,054-2490889,,0.0,2,חדרה,,
רומבה צלמים | Romba Photographer,,צלמים,https://engaged.co.il/המלצות/רומבה-צלמים.html,,,054-2218881,,0.0,0,"הרצל 13, ראשון לציון",,
"נבו נעים | צלם ""אֲנַחְנוּ לֹא זוֹכְרִים יָמִים, אַנוּ זוֹכְרִים רְגָעִים""",,צלמים,https://engaged.co.il/המלצות/נבו-נעים.html,,,052-8961665,,0.0,0,אשקלון,,
פוטושוט צלמים | PHOTOSHOT PHOTOGRAPHY צילום אירועים,,צלמים,https://engaged.co.il/המלצות/פוטושוט-צילום-אירועים.html,,,052-8282308,,0.0,0,"חיים משה שפירא 24, אשדוד",,
חורשת ראשונים מתחם אירועים | Shani marom,,אולמות וגנים,https://engaged.co.il/המלצות/חורשת-ראשונים-מתחם-אירועים.html,,,,,0.0,0,
יבבבחטט ולטחטחט | ץ ץ,,אולמות וגנים,https://engaged.co.il/המלצות/יבבבחטט-ולטחטחט.html,,,,,0.0,0,
טל גולן צילום חתונות | Tal Golan Photography רגעים שנשארים לנצח,,צלמים,https://engaged.co.il/המלצות/טל-גולן-צילום-חתונות.html,,,,,0.0,0,
בריידשוט | BrideShoot יצירת תוכן לחתונות,,צלמים,https://engaged.co.il/המלצות/בריידשוט.html,,,,,0.0,0,
פייס לי | Face-li שיתוף תמונות מאירועים,,צלמים,https://engaged.co.il/המלצות/פייס-לי.html,,,050-9766226,https://face-li.com,0.0,0,
בר נחום | Bar Nachum Photography צלם חתונות,,צלמים,https://engaged.co.il/המלצות/בר-נחום.html,,,0508161611,https://www.instagram.com/bar_nachum_photography,0.0,0,"אליעזר מזל 4 קומה 1 ראשל""צ מערב"
עידן נהרי | Idan Nahari צילום אירועים,,צלמים,https://engaged.co.il/המלצות/עידן-נהרי-צילום-אירועים.html,,,None,None,0.0,0,"אליעזר מזל 4, קומה 1, ראשון לציון"
קראון צלמים | CROWN צלם חתונות,,צלמים,https://engaged.co.il/המלצות/קראון-צלמים.html,,,,,0.0,0,"אליעזר מזל 4, קומה 1, ראשל""צ מערב"
אקשן צילום אירועים | Action Events & productions רגעים בלתי נשכחים!,,צלמים,https://engaged.co.il/המלצות/אקשן-צילום-אירועים.html,,,053-4794777,,0.0,0,
ציקו סלהוב צילום | chikosalov צילום אירועים חתונות,,צלמים,https://engaged.co.il/המלצות/ציקו-סלהוב-צילום.html,,,058-486-6606,,0.0,0,
Olga Salimov,,צלמים,https://engaged.co.il/המלצות/olga-salimova.html,,,,https://www.instagram.com/olasalimov,0.0,0,Israel
ערן אלרגנט | Eran Alergant- Photographer צילום באווירה שונה!,,צלמים,https://engaged.co.il/המלצות/ערן-אלרגנט.html,,,,,0.0,0,
פיק מומנטס | Pic Moments צלמים לחתונה,,צלמים,https://engaged.co.il/המלצות/פיק-מומנטס.html,,,054-7495128,https://www.facebook.com/PicMomentss,0.0,0,ירושלים
בני אסכלוני אמנות הצילום,,צלמים,https://engaged.co.il/המלצות/בני-אסכלוני-צלם.html,,,050-2225551,http://askeloni.com,0.0,4,"ליסין 25, תל אביב יפו"
אלעד נבון צילום סטילס | Elad |Navon Photographer צילום ארט ספונטני,,צלמים,https://engaged.co.il/המלצות/אלעד-נבון-צילום-סטילס.html,,,052-8704027,http://www.eladnavon1.com,0.0,0,"ויצמן 46, גבעתיים"
גודלי הפקות צילום,,צלמים,https://engaged.co.il/המלצות/גודלי-הפקות.html,,,050-822-5666,http://godli-production.com,4.9,56,"יוסף לישנסקי 19, ראשון לציון"
קטיה מומנטס | K.R Moments צילום סושיאל לחתונה,,צלמים,https://engaged.co.il/המלצות/קטיה-מומנטס.html,,,,https://www.instagram.com/k.r.moments,0.0,0,
טוהר אשכנזי | Tohar Ashkenazi סושיאל ליום הכי מרגש שלכם,,צלמים,https://engaged.co.il/המלצות/טוהר-אשכנזי.html,,,,,0.0,0,
צי'ק צא'ק צילום אירועי צ'יק צ'אק - צילום אירועים,,צלמים,https://engaged.co.il/המלצות/ציק-צאק-צילום-אירועי.html,,,058-7555-755,http://www.chik.co.il/,0.0,0,"שמוטקין 21, ראשון לציון"
לביא הפקות | צלמים | Lavi Production צילום ואטרקציות לאירועים,,צלמים,https://engaged.co.il/המלצות/לביא-הפקות-צלמים.html,,,054-9927720,,0.0,0,"תבור 119, שוהם"
רוני ארונשווילי | Roni Aharon Photography רוני ארונשווילי,,צלמים,https://engaged.co.il/המלצות/רוני-ארונשווילי.html,,,052-8057053,,0.0,0,"מניה שוחט 7, חולון"
אנה הפקות,,צלמים,https://engaged.co.il/המלצות/אנה-הפקות.html,,,052-278-3273,,0.0,1,"שדרות דב הוז 20, חולון"
קוויק קליק עמדות צילום | Quick Click עמדות צילום עמדות צילום + קירות צילום,,צלמים,https://engaged.co.il/המלצות/קוויק-קליק-עמדות-צילום.html,,,053-572-9776,,0.0,0,
מדור לדור | Dor Fayna Photography צילום חתונות,,צלמים,https://engaged.co.il/המלצות/מדור-לדור.html,,,,,0.0,0,"שלמה לוי, ראשון לציון"
ניתאי אבן ארי | Nitay photography ניתאי אבן ארי- צלם חתונות,,צלמים,https://engaged.co.il/המלצות/ניתאי-אבן-ארי.html,,,+972-526206980,https://nitayphotography.mypixieset.com/,0.0,0,
קובי אלוני - צילום אומנותי | Kobi Alony Photography,,צלמים,https://engaged.co.il/המלצות/קובי-אלוני-צילום-אומנותי.html,,,052-8500770,,0.0,0,"שבט לוי, אשדוד"
רזיאל אברהם | rna photographer שירות אמינות ומקצועיות,,צלמים,https://engaged.co.il/המלצות/רזיאל-אברהם.html,,,052-303-7451,,0.0,0,"אליעזר מזל 4 קומה 1 ראשל""צ מערב"
צילומי דניאל צילום אירועים + אטרקציות,,צלמים,https://engaged.co.il/המלצות/צילומי-דניאל.html,,,050-5701962,,9.9,21,"דפנה 7, רעות"
אלעד מימון צילום,,צלמים,https://engaged.co.il/המלצות/אלעד-מימון-צילום.html,,,,,0.0,0,נתניה
יניב שמן צלם | Yaniv Shemen,,צלמים,https://engaged.co.il/המלצות/יניב-שמן-צלם.html,,,052-3838797,,0.0,0,"בורוכוב 50, הרצליה"
איתמר יששכר | itamar yissachar צלם חתונות,,צלמים,https://engaged.co.il/המלצות/איתמר-יששכר.html,,,050-7416783,,0.0,0,"446, ישוב בני יהודה 1294400"
גל ר,,צלמים,https://engaged.co.il/המלצות/גל-ר.html,,,054-3292760,,0.0,0,"דרך יד לבנים 196, חיפה"
אלירון הפקות צילום | Eliron Photography Productions מצלמים באהבה,055-4547315,צלמים,https://engaged.co.il/המלצות/אלירון-אוחיון.html,,,"03-956-0603, 052-582-0202",http://studio-eliron.co.il,0.0,0,"מרטין בובר 23, ראשון לציון"
ליצ'י lychee | lychee,,צלמים,https://engaged.co.il/המלצות/ליצי-lychee.html,,,073-7305550,http://lycvi.com,0.0,0,"סיני 5, באר שבע"
נטו וי - אר | netoVR making future memory,,צלמים,https://engaged.co.il/המלצות/שלומי-בסרבי.html,,,,,0.0,0,
לוקו גרופ | LocoGroup צילום אירועים,,צלמים,https://engaged.co.il/המלצות/לוקו-גרופ.html,,,052-6549971,,0.0,0,"אליהו נאוי 24/107, באר שבע"
אלכס ארט | AlexArt צילום חתונות,,צלמים,https://engaged.co.il/המלצות/אלכס-ארט.html,,,058-510-0587,https://www.alexart-photographer.com/,0.0,0,נתניה
פרו שוט צילום אירועים | prophet proshot,,צלמים,https://engaged.co.il/המלצות/pro-shot.html,,,052-8282308,,4.9,88,"חיים משה שפירא 24, אשדוד"
ינון כהן - צילום וידאו | Yinon video צילום וידאו רגיש ויפיפיה,,צלמים,https://engaged.co.il/המלצות/ינון-כהן-צילום-וידאו.html,,,,,0.0,0,מרכז
סמייל | SMILE מצלמים עם חיוך,,צלמים,https://engaged.co.il/המלצות/smile.html,,,050-3725-800,,0.0,0,
אלכסיי טופורובסקי צילום חתונה,,צלמים,https://engaged.co.il/המלצות/אלכסיי-טופורובסקי.html,,,054-437-9109,https://alexey-top.co.il,0.0,0,המרכז וכל הארץ
מאי פלאש צלמים | MY FLASH צילום אירועים,,צלמים,https://engaged.co.il/המלצות/מאי-פלאש.html,,,052-6682045,,0.0,0,"קלמן ביאלר 6, רחובות"
סטודיו אילון | Ayalon Studio צילום אירועים,055-4547287,צלמים,https://engaged.co.il/המלצות/סטודיו-אילון-צילום.html,,,054-2292694,http://studioayalon.co.il,0.0,0,"אריה רגב 4, נתניה"
שאקו הפקות | Shako צילום חתונות,055-4547296,צלמים,https://engaged.co.il/המלצות/שאקו-צילום-אירועים.html,,,052-707-5886,,0.0,0,"נתיב המזלות 1, ירושלים / שד׳ יוסף לישנסקי 4 ראשל״צ"
משה חיים ואסתר כץ | Moshe Chaim & Ester Katz Premeum Wedding Photographers צילום למבנים,,צלמים,https://engaged.co.il/המלצות/משה-חיים-ואסתר-כץ.html,,,0527175872,,0.0,0,"אשר גולק 23, ירושלים"
דור דניאל,,צלמים,https://engaged.co.il/המלצות/דור-דניאל.html,,,050-3467775,,9.88,43,חיפה והסביבה
ארט פיקסל | ARTPIXXEL צילום חתונה,055-4547327,צלמים,https://engaged.co.il/המלצות/ארטפיקסל-צילום-אירועים.html,,,053-2700772,http://artpixxel.co.il,0.0,0,"דניאל הנביא 11/3, אשדוד, 7747019, ישראל"
פוטו שלי | Puto sheli צילום והפקת אירועים,,צלמים,https://engaged.co.il/המלצות/פוטו-שלי.html,,,0505297893,,0.0,0,"דרך בית לחם 107, ירושלים"
פלאשבק צלמים | Flashback משה אסף,077-2305004,צלמים,https://engaged.co.il/המלצות/פלאשבק-צלמים.html,,,077-2305004,https://wa.me/972526225588,0.0,0,"מורדי הגטאות 84, ראשון לציון"
סמייל סטודיו | Smile Studio,,צלמים,https://engaged.co.il/המלצות/סמייל-סטודיו.html,,,,,0.0,0,"בני ברמן 2, נתניה, מגדל עיר ימים, מיקוד 4249330"
אור יעקב יצירת תוכן מותאם לסושיאל,,צלמים,https://engaged.co.il/המלצות/אור-יעקב.html,,,,,0.0,0,
אילן פריימן צילום צלם חתונות קצת אחר.,,צלמים,https://engaged.co.il/המלצות/אילן-פריימן-צילום.html,,,,,0.0,0,
GUY LEVI | GUY LEVI GUY LEVI,,צלמים,https://engaged.co.il/המלצות/guy-levi.html,,,,,0.0,0,Herzliya
טופ צלמים,,צלמים,https://engaged.co.il/המלצות/טופ-צלמים.html,,,"072-329-0660, 050-689-9908",https://www.eventsphotographers.co.il,0.0,0,"רפידים 33, ראשון לציון"
יניב אטיה | Yaniv Atia צלם חתונות,,צלמים,https://engaged.co.il/המלצות/יניב-אטיה.html,,,052-237-4077,,0.0,0,
לה סושיאל | La Social כשהאהבה פוגשת רגעים מיוחד,,צלמים,https://engaged.co.il/המלצות/לה-סושיאל.html,,,,https://www.instagram.com/_la_social/,0.0,0,
שי מנשה לוי צילום | Shay Menashe Levy Photography צילום מושלם לכל אירוע,,צלמים,https://engaged.co.il/המלצות/שי-מנשה-לוי-צילום.html,,,,,0.0,0,
די סטודיו צלמים | D.STUDIO צלמים מנצחים את הרגעים בחייכם,,צלמים,https://engaged.co.il/המלצות/די-סטודיו-צלמים.html,,,052-7218065,,0.0,0,רעננה
רפי ג'ירו | Rafi Giro צלם חתונות,,צלמים,https://engaged.co.il/המלצות/רפי-גרו.html,,,050-8584677,,0.0,0,"ביל""ו 33, חולון"
בזום שלך צילום אומנותי,055-4547329,צלמים,https://engaged.co.il/המלצות/בזום-שלך-צילום-אומנותי.html,,,050-7530560,http://bzoom.co.il,0.0,0,"לוי אשכול 10, רעננה"
דותן ניר צילום אירועים | Dotan Nir צילום אירועים וסטודיו,,צלמים,https://engaged.co.il/המלצות/דותן-ניר-צילום-אירועים.html,,,052-3030311,,0.0,0,"דרך השדות 69, בית יצחק - שער חפר"
טל סטילס | Tal Stills טל צלמים,,צלמים,https://engaged.co.il/המלצות/טל-סטילס.html,,,050-222-0501,http://www.talstills.co.il,5.0,17,"הדרום, המרכז, השפלה, השרון"
אלורה סושיאל | Alora social יצירת תוכן להפקות וכלות,,צלמים,https://engaged.co.il/המלצות/אלורה-סושיאל.html,,,,https://www.instagram.com/alora.social,0.0,0,
גיא גרין | Guy Green אצלנו אתם קובעים את המחיר,,צלמים,https://engaged.co.il/המלצות/גיא-גרין.html,,,0584888410,https://greennadlan.com/,0.0,0,ראשון לציון
עופר מתיתיהו | Ofer Matityahu עופר מתיתיהו צלם אירועים,055-4547322,צלמים,https://engaged.co.il/המלצות/עופר-מתיתיהו.html,,,050-871-0700,https://oferm.co.il,0.0,0,"סמטת הש""ך 5, תל אביב יפו"
אורן מדר צילום אירועים,,צלמים,https://engaged.co.il/המלצות/אורן-מדר-צילום-אירועים.html,,,052-2933300,,0.0,0,"החרצית 1, נתניה"
גופיק | GOPIC ביחד יוצרים זיכרון,,צלמים,https://engaged.co.il/המלצות/גופיק.html,,,,,0.0,0,זכרון יעקב
בר אור צילום | Bar or Photography צלמים לחתונה,055-4547291,צלמים,https://engaged.co.il/המלצות/בר-אור-צילום.html,,,050-2002032,,0.0,0,"דוד סחרוב 22, ראשון לציון"
טל יפרח | Tal ifrah צילום אירועים,,צלמים,https://engaged.co.il/המלצות/טל-יפרח.html,,,054-659-2248,https://www.digital-card.biz/054-659-2248,0.0,0,חריש
מור לוי | Mor levi צילום רגעים שמחים,,צלמים,https://engaged.co.il/המלצות/מור-לוי.html,,,052-8583752,http://mor-levi.co.il,0.0,0,חיפה
עינב אוחנה | 5612515 עינב אוחנהגכהנעגכה,,צלמים,https://engaged.co.il/המלצות/עינב-אוחנה.html,,,,,0.0,0,
נועם אסיף צילום | Noam Assif Photography קליק עם הטבע,,צלמים,https://engaged.co.il/המלצות/noam-assif.html,,,054-3041331,,0.0,0,מרום גולן
וידאו עמוס | video amos וידאו עמוס,,צלמים,https://engaged.co.il/המלצות/וידאו-עמוס.html,,,072-3116215,,0.0,0,"טשרניחובסקי 4, קרית שמונה"
יופי הפקות | yofi pro yosi atias,,צלמים,https://engaged.co.il/המלצות/יופי-הפקות.html,,,052-2949769,http://yofi-y.co.il,0.0,0,"שוהם 3, גן יבנה"
פיק צ'אק צילום רביד | Picchak_1 צילום אירועים,,צלמים,https://engaged.co.il/המלצות/רביד-תורגמן.html,,,050-4282063,,2.5,3,יושיביה 16
פיליפ חדד | פיליפ חדד פיליפ חדד,,צלמים,https://engaged.co.il/המלצות/פיליפ-חדד.html,,,02-6765453,,0.0,0,"הגננת 7, ירושלים"
זיו שמשון צילום,,צלמים,https://engaged.co.il/המלצות/זיו-שמשון-צילום.html,,,055-662-0660,https://www.instagram.com/ziv_shimshon1/,0.0,2,Jerusalem
הודיה אדיב | ADD SOCIAL צלמת סושיאל לחתונות,,צלמים,https://engaged.co.il/המלצות/הודיה-אדיב.html,,,,https://www.instagram.com/hodayassocial,0.0,0,
"שיר נגר סושיאל רגעים אמיתיים, לנצח 🤍",,צלמים,https://engaged.co.il/המלצות/שיר-נגר-סושיאל.html,,,0545428670,https://www.instagram.com/shir__nagar_/,0.0,0,
לונריה | LUNARIA עמדות די-ג׳יי,,אטרקציות,https://engaged.co.il/המלצות/לונריה.html,,,,https://www.instagram.com/lunaria._dj,0.0,0,
ל.ש. הפקות | LS Productions תאורה זיקוקים לייזרים,,אטרקציות,https://engaged.co.il/המלצות/לש-הפקות.html,,,054-4515696,,0.0,0,"דרך גד פיינשטיין, רחובות"
פול הפקות | Pol productions,,אטרקציות,https://engaged.co.il/המלצות/מאיה-ביטון.html,,,0506934461,,0.0,0,"כליל החורש 103, מושב מעונה"
יוניקה | Unica events מזכרת פרימיום לאירועים,,אטרקציות,https://engaged.co.il/המלצות/יוניקה.html,,,050-3979268,https://www.instagram.com/unica.events_/,0.0,0,
פיסת זיכרון | Piece Of Memory מזכרת שתשאיר זיכרון מרגש,,אטרקציות,https://engaged.co.il/המלצות/פיסת-זיכרון.html,,,,,0.0,0,
גורי סיגר'ס לאירועים | Events By Guri Cigars בר סיגרים שמעיף כל אירוע!,,אטרקציות,https://engaged.co.il/המלצות/גורי-סיגרס-לאירועים.html,,,0509754518,,0.0,0,"דיזנגוף 223, תל אביב-יפו"
פארטי אין אבוקס | party in a box,,אטרקציות,https://engaged.co.il/המלצות/פארטי-אין-אבוקס.html,,,03-5094499,https://www.partyinabox.co.il,0.0,0,"אימבר 23, פתח תקווה"
Flower Love עמדת שזירה,,אטרקציות,https://engaged.co.il/המלצות/flower-love.html,,,0507707877,,0.0,0,
בלונס אנד מור | Balloons&more אטרקציות לאירועים,,אטרקציות,https://engaged.co.il/המלצות/בלונס-אנד-מור.html,,,0506-988-644,,0.0,0,אזור צפון
לייזר מי | Laser Me Events עמדת צילום וחריטה,,אטרקציות,https://engaged.co.il/המלצות/לייזר-מי.html,,,,https://www.facebook.com/Lasermeevents/,0.0,0,Haifa
עגלת גלידה ״גולדה״ לאירועים | Golda משהו מתוק ליום מיוחד,,אטרקציות,https://engaged.co.il/המלצות/עגלת-גלידה-״גולדה״-לאירועים.html,,,"0528668142, 052-4757970",,0.0,0,פריסה ארצית
פירוספארק | Pyrospark אטרקציות לאירועים ועוד...,,אטרקציות,https://engaged.co.il/המלצות/פירוספארק.html,,,050-8246247,,0.0,0,"אברבנאל 4, ראשון לציון"
צייר חתונות יצירת מזכרת ייחודית,,אטרקציות,https://engaged.co.il/המלצות/צייר-חתונות.html,,,None,https://www.instagram.com/paint_love.il/,0.0,0,None
תכלת | Tchelet אביזרים לחתונה ורווקות,,אטרקציות,https://engaged.co.il/המלצות/תכלת.html,,,08-971-2288,techelet.co.il,0.0,0,"חטיבת גולני 9, מודיעין מכבים רעות"
"קרדו דיגיטל | Credo Digital צילום מגנטים, עמדת צילום",,אטרקציות,https://engaged.co.il/המלצות/צילום-והפקת-אירועים-credo-digital.html,,,052-6056120,https://www.facebook.com/CredoDigital,0.0,0,נתניה
דוד קאזה | David kaza צילום אירועים ומגנטים,,אטרקציות,https://engaged.co.il/המלצות/דוד-קאזה.html,,,050-6700-600,,0.0,0,המרכז
דוו-טייל | Duo-Tale הסיפור שלכם אצלכם בחתונה,,אטרקציות,https://engaged.co.il/המלצות/דוו-טייל.html,,,,https://duo.tale.ai,0.0,0,
כוכב השמחות | star joys סלסלאות חתן כלה,,אטרקציות,https://engaged.co.il/המלצות/כוכב-השמחות.html,,,052-3899665,https://star1joys.co.il/,0.0,0,"כיכר סטרומה 1, חולון"
איוונטו | EVENTO,,אטרקציות,https://engaged.co.il/המלצות/איוונטו.html,,,073-757-8197,https://evento.plus,0.0,0,"יגיע כפיים 10, תל אביב"
יניב צילום מגנטים | GET READY - מגנטים לאירועים צילום מגנטים ובלוקים ברמה,,אטרקציות,https://engaged.co.il/המלצות/יניב-צילום-מגנטים.html,,,055-6627478,https://www.facebook.com/GetRPhotography,0.0,0,
עמדות צילום סלפי | Flash עמדות רטרו סלפי,,אטרקציות,https://engaged.co.il/המלצות/עמדות-צילום-סלפי.html,,,,,0.0,0,"Jerusalem, Israel"
פיקימי | picime זכרונות מהירים,,אטרקציות,https://engaged.co.il/המלצות/פיקימי.html,,,054-7676450,,0.0,0,פרדסיה
קולאז הפקות | Collage Productions מתופפים ושופרות,,אטרקציות,https://engaged.co.il/המלצות/שייקה-מתופפים-באירועים.html,,,"054-2204057, 054-8394963",http://collage.pro.co.il,0.0,0,"אליעזר מזל 4 קומה 1 ראשל""צ מערב"
מסיבתי | Mesibati אטרקציות לחתונה,,אטרקציות,https://engaged.co.il/המלצות/מסיבתי-שירותי-אירועים.html,,,,,0.0,0,"אליעזר מזל 4, קומה 1, ראשון לציון מערב"
קיר משקפיי שמש | Sun Glasses במיתוג אישי,,אטרקציות,https://engaged.co.il/המלצות/קיר-משקפיים-לחתונה.html,,,,,0.0,0,
myView360 | myView360 עמדת צילום ב360° לאירועים,,אטרקציות,https://engaged.co.il/המלצות/myview360.html,,,,,0.0,0,
פרימוס מגשי פירות | primus fruit פרימוס ברי פירות לאירועים,,אטרקציות,https://engaged.co.il/המלצות/פרימוס-מגשי-פירות.html,,,054-5435535,,0.0,0,"מבצע קדש 6, יבנה"
YULUM Events | YULUM Events טולום אצלכם בארוע,,אטרקציות,https://engaged.co.il/המלצות/yulum-events.html,,,0529560844,https://tulom.com,0.0,0,אורט 23 נתניה
מתן אליחי | Matan Elihay Photography צילום מגנטים,,אטרקציות,https://engaged.co.il/המלצות/מתן-אליחי-צילום-מגנטים.html,,,0524677342,http://www.MatanElihay.co.il,0.0,0,איזור השרון
כוכב עולה - מקפיצים את האירוע לשמיים הפקה וניהול אירועים .,,אטרקציות,https://engaged.co.il/המלצות/כוכב-עולה-מקפיצים-את-האירוע-לשמיים.html,,,052-2055588,,0.0,0,"הרקפת 2, אשקלון"
"דפנה עיצובים | Dafna flower&more עיצוב חופות ,קירות פרחים,",055-4547286,אטרקציות,https://engaged.co.il/המלצות/דפנה-עיצוב-אירועים.html,,,054-2205565,http://dafna-design.co.il,0.0,0,"האורגן 4, ראשון לציון"
חרטה ברטה | Harta Barta חולצות מודפסות לחתונה,,אטרקציות,https://engaged.co.il/המלצות/חרטה-ברטה.html,,,,,0.0,0,
אטרקציות לחתונה מושלמת | wedding Attractions אטרקציות לחתונות,,אטרקציות,https://engaged.co.il/המלצות/אטרקציות-זה-אנחנו.html,,,055-99-23456,,0.0,0,אזור המרכז
הולה | Hula חנות של אירועים,055-4547270,אטרקציות,https://engaged.co.il/המלצות/hula-חנות-של-אירועים.html,,,03-7321640,https://hula.co.il,0.0,0,"עמישב 45, גבעתיים"
אלמוג שיראל צילום | Almog Shirel Haynes,,אטרקציות,https://engaged.co.il/המלצות/אלמוג-שיראל-צילום.html,,,052-6394414,,0.0,0,"מבוא יערה 4, מבשרת ציון"
תקליט | TAKLIT,,אטרקציות,https://engaged.co.il/המלצות/תקליט-2.html,,,0515955044,,0.0,0,
טאג-בוקס | Tagbox עמדת צילום לאירועים,,אטרקציות,https://engaged.co.il/המלצות/tagbox-טאגבוקס-עמדות-צילום-לאירועים.html,,,073-374-4314,https://www.tagbox.co.il,0.0,0,"שמואל תמיר 45, תל אביב-יפו"
ממורה | Memora לכל תמונה יש כתובת,,אטרקציות,https://engaged.co.il/המלצות/ממורה.html,,,,https://memora.ai,0.0,0,
סאן פלוור לווור | San flower lover עמדת שזירת פרחים לאירועים,,אטרקציות,https://engaged.co.il/המלצות/סאן-פלוור-לווור.html,,,,,0.0,0,Ramat Gan
Say Love - עמדת צילום לאירועים | Say Love עמדת צילום ווינטג',,אטרקציות,https://engaged.co.il/המלצות/say-love-עמדת-צילום-לאירועים.html,,,0526372199,,0.0,0,"אליעזר מזל 4, קומה 1, ראשל""צ מערב"
הההההה,,אטרקציות,https://engaged.co.il/המלצות/הההההה.html,,,None,None,0.0,0,None
אורלי מעצבת בפרחים | אורלי בן שושן עמדות שזירה/ פרחים מרהיבו,,אטרקציות,https://engaged.co.il/המלצות/אורלי-מעצבת-בפרחים.html,,,0506794060,,0.0,0,ראשון לציון
הצלם | Hatzalam צילום ומגנטים לאירועים,,אטרקציות,https://engaged.co.il/המלצות/הצלם.html,,,053-4444-949,,0.0,0,"הערבה 18, מושב מגשימים"
טליס פלאוור | Tali's Flower עמדות שזירת פרחים,055-4547301,אטרקציות,https://engaged.co.il/המלצות/tali-s-flower.html,,,050-659-55-48,,0.0,0,"אליעזר מזל 4, קומה 1, ראשון לציון"
צייר לי כבשה קריקטורות+איורים לאירועים,,אטרקציות,https://engaged.co.il/המלצות/צייר-לי-כבשה.html,,,,,0.0,0,
קסם השמן | shaul samoelov מוצרים טבעיים ודקורטיביים,,אטרקציות,https://engaged.co.il/המלצות/קסם-השמן.html,,,050-6794003,,0.0,0,"פרידלנד צבי 6, תל אביב"
דונאט דרימס | DONUT DREAMS קיר דונאטס של השמחות,,אטרקציות,https://engaged.co.il/המלצות/קורל-נחמה.html,,,,,0.0,0,
פיקצ'ר | Pickture.ai סלפי אחד - וכל אורח מקבל,,אטרקציות,https://engaged.co.il/המלצות/פיקצר.html,,,,https://pickture.ai,0.0,0,Tel Aviv
סטורי בוקס | storybox עמדת צילום לאירועים,,אטרקציות,https://engaged.co.il/המלצות/סטורי-בוקס.html,,,055-5040309,https://storybox.co.il,0.0,0,"יגאל אלון, תל אביב יפו"
גט סמייל | Getsmile עמדת צילום לאירועים,,אטרקציות,https://engaged.co.il/המלצות/גט-סמייל.html,,,052-649-39-83,https://megasmile.co.il,0.0,0,
פירולייט אטרקציות לחתונה,,אטרקציות,https://engaged.co.il/המלצות/פירולייט.html,,,0533402471,https://www.instagram.com/event_attractions,0.0,0,
White Event אטרקציות לחתונה,,אטרקציות,https://engaged.co.il/המלצות/white-event.html,,,,,0.0,0,Ashqelon
וואם WEM,,אטרקציות,https://engaged.co.il/המלצות/וואם.html,,,,,0.0,0,
סמבו הפקות | Sambo מתופפים ושופרות לחתונה,,אטרקציות,https://engaged.co.il/המלצות/סמבו-הפקות.html,,,054-3159101,,0.0,0,"נחלת בנימין 132, תל אביב"
טליה סי | Talia C מתנות חתונה ייחודיות,,אטרקציות,https://engaged.co.il/המלצות/טליה-סי.html,,,054-2275283,,0.0,0,Efrat
הרמיטאג האירוע שלכם היצירה שלנו,,אטרקציות,https://engaged.co.il/המלצות/הרמיטאג.html,,,,,0.0,3,"הפלדה 1, אור יהודה"
דודי וענבל | Dudy & Inbal Caricatures מי שלא מצטייר מצטער,,אטרקציות,https://engaged.co.il/המלצות/דודי-וענבל.html,,,+972 54-457-1346,,0.0,0,
צייר קריקטורות לחתונה,,אטרקציות,https://engaged.co.il/המלצות/צייר-קריקטורות-לחתונה.html,,,055-432-2440,...,0.0,0,...
מאר ג׳רז עוגות בצנצנות | Mar Jarz,,אטרקציות,https://engaged.co.il/המלצות/מאר-ג׳רז-עוגות-בצנצנות.html,,,,,0.0,0,Tel Aviv
מדבקה לרצפת הרחבה,077-7299539,אטרקציות,https://engaged.co.il/המלצות/דפוס-האירועים.html,,,077-7299539,,0.0,0,
פרי דידי | Didis_fruit פרידידי- פירות לאירועים,,אטרקציות,https://engaged.co.il/המלצות/פרי-דידי.html,,,0548850347,,0.0,0,ראשון לציון
מייסלף | Myself עמדת צילום,,אטרקציות,https://engaged.co.il/המלצות/מייסלף.html,,,055-5623901,,0.0,0,
סיגרים לכל כיס | Low Budget Cigars,,אטרקציות,https://engaged.co.il/המלצות/סיגרים-לכל-כיס.html,,,052-4089955,,0.0,0,"חרמון 7, שוהם"
אולם פרחים | Olam Haprahim,,אטרקציות,https://engaged.co.il/המלצות/אולם-פרחים.html,,,,,0.0,0,"אליעזר מזל 4 קומה 1 ראשל""צ מערב"
מגנטים HITI מגנטים לחתונה,055-4547294,אטרקציות,https://engaged.co.il/המלצות/מגנטים-hiti.html,,,055-4547294,https://www.facebook.com/people/%D7%9E%D7%92%D7%A0%D7%98%D7%99%D7%9D-%D7%94%D7%99%D7%98%D7%99-HITI-Magnet/100063499426966/,0.0,0,נתניה
סטודיו ספיר אפרת עמדות איפור וציור גוף,,אטרקציות,https://engaged.co.il/המלצות/סטודיו-ספיר-אפרת.html,,,050-572-0709,https://www.facebook.com/sapirefrat.studio,0.0,0,מושב ישרש
יהונתן - ציורי חתונה | Jonathan Art צייר חתונות בלייב,,אטרקציות,https://engaged.co.il/המלצות/יהונתן-ציורי-חתונה.html,,,,,0.0,0,
סיאלו | Cielo lighting גשרי תאורה לכל אירוע,,אטרקציות,https://engaged.co.il/המלצות/סיאלו.html,,,0528619024,,0.0,0,איזור תל אביב
יהודה אוr | yehuda or צילום מקצועי לאירועים,,אטרקציות,https://engaged.co.il/המלצות/יהודה-אוr.html,,,,,0.0,0,
מושיקו אסרף | Moshe Asraf מגנטים ואטרקציות,,אטרקציות,https://engaged.co.il/המלצות/מומגנט.html,,,052-464-6865,,0.0,0,Haifa
ERA Production | ERA Production,,אטרקציות,https://engaged.co.il/המלצות/era-production.html,,,,,0.0,0,Netanya
שאהבה נפשי מארזים לאירועים,,אטרקציות,https://engaged.co.il/המלצות/שאהבה-נפשי.html,,,055-7794709,,0.0,0,פתח תקווה
Eventesize - אירועים | Eventesize שירות אלבום תמונות אישי,,אטרקציות,https://engaged.co.il/המלצות/eventesize-אירועים.html,,,,https://www.instagram.com/eventesize,0.0,0,כל הארץ
טריו פולארויד | T.R.I.O Polaroid מתעדים רגעים חד פעמיים,,אטרקציות,https://engaged.co.il/המלצות/טריו-פולארויד.html,,,054-4635600,https://www.instagram.com/trio.polaroid,0.0,0,
קיאק פירות בחתונה קיאקי פירות איכותיים 🍍,,אטרקציות,https://engaged.co.il/המלצות/קיאק-בחתונה.html,,,055-99-23456,,0.0,0,
פוקוס צילום אירועים | Focus,,אטרקציות,https://engaged.co.il/המלצות/ספיר-משה.html,,,054-3380898,http://focusphoto.co.il,0.0,0,"ההגנה 24, נהריה"
גילי גלעדי | Gili Giladi אטרקציות לחתונה,,אטרקציות,https://engaged.co.il/המלצות/גילי-גלעדי.html,,,050-5320771,,0.0,0,גן יבנה
