Supplier Name,Phone Number,Category,URL,Main Image,Gallery,Real Phone,Website,Google Reviews Link,Google Image,Google Rating,Reviews Count,Address,is_suspicious
גני כנען | Ganey Cnaan גן אירועים,,אולמות וגנים,https://engaged.co.il/המלצות/גני-כנען.html,,,08-9355051,,,,,,קיבוץ נען,True
מפלים | Mapalim גן אירועים,,אולמות וגנים,https://engaged.co.il/המלצות/מפלים.html,,,03-5224422,https://rain-events.co.il,"https://www.google.com/maps/place/%D7%A8%D7%99%D7%99%D7%9F+Rain+Events/@31.970228,34.799736,17z/data=!4m8!3m7!1s0x1502b21000000000:0x1234567890abcdef!8m2!3d31.970228!4d34.799736!9m1!1b1!16s%2Fg%2F11f0_1234",https://rain-events.co.il/wp-content/uploads/2022/08/RAIN.png,4.3,1123,"לזרוב 23, ראשון לציון, ישראל",True
מאורסים ארגון חתונה,055-4547279,אולמות וגנים,https://engaged.co.il/המלצות/מאורסים-ארגון-חתונה.html,,,03-777-4862,https://maorashim.co.il,,,,,"רח' לישנסקי 4, מתחם 7 הכוכבים, ראשון לציון מערב, ישראל",True
ים מקום לאירועים | YAM מקום לאירועים,077-2305474,אולמות וגנים,https://engaged.co.il/המלצות/ים-מקום-לאירועים.html,,,072-2158212,https://yam-events.co.il/,https://www.google.com/maps/search/?api=1&query=ים+מקום+לאירועים+YAM+מקום+לאירועים+Shtei+ha-Akhayot+St+2+Tel+Aviv-Yafo,,4.1,172,"Shtei ha-Akhayot St 2, Tel Aviv-Yafo, Tel Aviv District, Israel",True
דסטינו | Destino גן אירועים במושב שורש,077-2306488,אולמות וגנים,https://engaged.co.il/המלצות/דסטינו.html,,,055-4539193,https://destino.co.il,,,,,"מושב שורש, ישראל",True
say אירועים | SAY Events מתחם אירועי בוטיק,077-9972393,אולמות וגנים,https://engaged.co.il/המלצות/say-אירועים.html,,,055-453-9596,https://say-events.co.il,"https://www.google.com/maps/search/?api=1&query=SAY+Events+%D7%9E%D7%AA%D7%97%D7%9D+%D7%90%D7%99%D7%A8%D7%95%D7%A2%D7%99+%D7%91%D7%95%D7%98%D7%99%D7%A7,Moshe+Sharett+19,+Rishon+LeZion",,4.5,684,"משה שרת 19, ראשון לציון",True
העמק | haemek event בית רגעים וזכרונות,,אולמות וגנים,https://engaged.co.il/המלצות/העמק-אירועים.html,,,03-3035060,https://www.haemek-events.co.il/,,,,,"צבי הנחל 1, פארק תעשיות, עמק חפר, נתניה",True
ירוק על המים | Yarok Events גן אירועים,077-2312482,אולמות וגנים,https://engaged.co.il/המלצות/ירוק-על-המים.html,,,055-453-9536,https://www.yarok.co.il,,https://static.wixstatic.com/media/07d89b_02127264627443178044702a20164802~mv2.jpg,,,"קיבוץ חולדה, ד.נ עמק שורק 76842",True
תרין | Tarin מתחם אירועים וכנסים,077-9971685,אולמות וגנים,https://engaged.co.il/המלצות/תרין.html,,,0554539324,https://www.tarin.co.il/,"https://www.google.com/maps/place/%D7%AA%D7%A8%D7%99%D7%9F+-+%D7%9E%D7%AA%D7%97%D7%9D+%D7%90%D7%99%D7%A8%D7%95%D7%A2%D7%99%D7%9D+%D7%95%D7%9B%D7%A0%D7%A1%D7%99%D7%9D/@31.942796,34.801625,17z/data=!4m8!3m7!1s0x1502b21000000001:0x221319c522222222!8m2!3d31.942796!4d34.801625!9m1!1b1!16s%2Fg%2F11f0101010",https://www.tarin.co.il/wp-content/uploads/2023/04/tarin-logo-new.png,4.4,1675,"רח׳ אליעזר מזל 6, ראשון לציון",True
אריא | Arya גן אירועים בשוהם,077-8050052,אולמות וגנים,https://engaged.co.il/המלצות/אריא-שוהם.html,,,055-4539563,,,,,,"ברוש 2, שוהם",True
ריין אירועים | Rain גן אירועים חדש בראשון לציון,077-9971114,אולמות וגנים,https://engaged.co.il/המלצות/ריין-ראשון.html,,,03-5224422,https://rain-events.co.il,,,,,"לזרוב 23, ראשון לציון",True
עדיה | ADIA Evants אירועים וכנסים,077-8040229,אולמות וגנים,https://engaged.co.il/המלצות/עדיה.html,,,073-7533448,adia.co.il,,,4.5,1764,"שידלובסקי 3, יבנה",True
58 גן אירועים | Fifty-8 גן אירועים,,אולמות וגנים,https://engaged.co.il/המלצות/58-גן-אירועים.html,,,055-453-9302,https://www.fifty8.co.il,https://www.google.com/maps/search/58+%D7%92%D7%9F+%D7%90%D7%99%D7%A8%D7%95%D7%A2%D7%99%D7%9D+Fifty-8+%D7%92%D7%9F+%D7%90%D7%99%D7%A8%D7%95%D7%A2%D7%99%D7%9D+%D7%94%D7%99%D7%A8%D7%A7%D7%95%D7%A0%D7%99%D7%9D+58+%D7%A4%D7%AA%D7%97+%D7%AA%D7%A7%D7%95%D7%95%D7%94,"https://static.wixstatic.com/media/2a222c_1117135805174521921c226227652c7f~mv2.png/v1/fill/w_200,h_100,al_c,q_85,usm_0.66_1.00_0.01,enc_auto/58%20logo.png",4.5,2169,"HaYarkonim St 58, Petah Tikva, Israel",True
איסט תל אביב | East tlv,077-4447232,אולמות וגנים,https://engaged.co.il/המלצות/איסט-תל-אביב.html,,,055-4539274,http://east-tlv.co.il/,,,,,"מיטב 13, תל אביב",True
אלה אירועים | Ella Events גן אירועים,077-2308922,אולמות וגנים,https://engaged.co.il/המלצות/אלה-אירועים.html,,,055-453-9380,https://ella-events.co.il,"https://www.google.com/maps/place/%D7%90%D7%9C%D7%94+%D7%90%D7%99%D7%A8%D7%95%D7%A2%D7%99%D7%9D%E2%80%AD/@31.910971,34.793898,17z/data=!4m8!3m7!1s0x1502b11111111111:0x1111111111111111!8m2!3d31.910971!4d34.793898!9m1!1b1!16s%2Fg%2F11c6222222?hl=iw&entry=ttu",https://ella-events.co.il/wp-content/uploads/2023/04/ella-logo-new.png,4.2,1494,"האלופים 1, נס ציונה",True
סיטרוס אירועים | Citrus,,אולמות וגנים,https://engaged.co.il/המלצות/סיטרוס-גן-אירועים.html,,,073-374-6863,https://www.citrus-events.co.il/,"https://www.google.com/maps/search/סיטרוס+אירועים+Citrus+ספיר+1,+אבן+יהודה",https://www.citrus-events.co.il/wp-content/uploads/2021/04/412124.jpg,4.6,1200,"הספיר 1, אבן יהודה",True
גנני כנען,,אולמות וגנים,https://engaged.co.il/המלצות/גנני-כנען.html,,,08-9355051,https://www.ganeycnaan.co.il/,https://www.google.com/maps/search/גני+כנען+קיבוץ+נען,,,,קיבוץ נען,True
לאגו | LAGO - אולם אירועים,077-9974970,אולמות וגנים,https://engaged.co.il/המלצות/לאגו.html,,,072-280-0100,http://www.lago-events.co.il/,,https://lago-events.co.il/wp-content/uploads/2023/07/lago-logo-white.png,,,"המאה ועשרים 6, ראשון לציון",True
אווניו | Avenue מרכז אירועים וקונגרסים,073-7588572,אולמות וגנים,https://engaged.co.il/המלצות/אווניו-אירועים.html,,,055-453-9562,https://avenue-events.co.il,"https://www.google.com/maps/search/?api=1&query=%D7%90%D7%95%D7%95%D7%A0%D7%99%D7%95+Avenue+%D7%9E%D7%A8%D7%9B%D7%96+%D7%90%D7%99%D7%A8%D7%95%D7%A2%D7%99%D7%9D+%D7%95%D7%A7%D7%95%D7%A0%D7%92%D7%A8%D7%A1%D7%99%D7%9D+%D7%93%D7%A8%D7%9A+%D7%99%D7%A6%D7%97%D7%A7+%D7%A9%D7%93%D7%94+1,+%D7%A7%D7%A8%D7%99%D7%AA+%D7%A9%D7%93%D7%94+%D7%94%D7%AA%D7%A2%D7%95%D7%A4%D7%94",https://avenue-events.co.il/wp-content/uploads/2021/08/logo.png,8.8,3386,"דרך יצחק שדה 1, קריית שדה התעופה",True
דואאה | Duee גן אירועים על אגם קסום,077-9707183,אולמות וגנים,https://engaged.co.il/המלצות/דואאה.html,,,072-260-6285,https://www.duee-bylago.co.il,,,,,"המאה ועשרים 6, ראשון לציון",True
כינורות | Kinorot גן אירועים,,אולמות וגנים,https://engaged.co.il/המלצות/כינורות-אירועים.html,,,055-4536736,https://www.kinorot.co.il/,"https://www.google.com/maps/search/כינורות+Kinorot+גן+אירועים+חלוצי+התעשייה+36,+חיפה",https://www.kinorot.co.il/wp-content/uploads/2020/08/logo.png,4.1,1855,"חלוצי התעשייה 36, חיפה",True
שמורתה | shmurata גן אירועים,,אולמות וגנים,https://engaged.co.il/המלצות/שמורתה-אירועים.html,,,072-334-0356,https://www.shmurata.co.il,https://www.google.com/maps/place/%D7%A9%D7%9E%D7%95%D7%A8%D7%AA%D7%94+%D7%92%D7%9F+%D7%90%D7%99%D7%A8%D7%95%D7%A2%D7%99%D7%9D%E2%80%AD/data=!4m8!3m7!1s0x151d682411111111:0x1111111111111111!8m2!3d32.800045!4d35.078976!9m1!1b1!16s%2Fg%2F11c21111111,,4.6,"1,000+",קיבוץ אפק,True
אולם מגדל חיפה אירועי בוטיק באווירה חמה,,אולמות וגנים,https://engaged.co.il/המלצות/אולם-מגדל-חיפה.html,,,03-3035060,https://haifatower.co.il,"https://www.google.com/maps/place/%D7%9E%D7%9C%D7%95%D7%9F+%D7%9E%D7%92%D7%93%D7%9C+%D7%97%D7%99%D7%A4%D7%94%E2%80%AD/@32.8078795,35.0009559,17z/data=!4m8!1m2!2m1!1s%D7%9E%D7%9C%D7%95%D7%9F+%D7%9E%D7%92%D7%93%D7%9C+%D7%97%D7%99%D7%A4%D7%94!3m4!1s0x151dbb28c5000001:0x228911579410141!8m2!3d32.8078795!4d35.0009559?hl=iw",https://haifatower.co.il/wp-content/uploads/2023/07/logo-migdal-haifa.png,3.9,1780,"הרצל 63, חיפה, 3321214",True
גאמוס ריזורט | GAMOS RESORT,073-7586813,אולמות וגנים,https://engaged.co.il/המלצות/גאמוס-ריזורט.html,,,077-9972343,https://gamos.co.il,,,,,"די זהב 7, פארק ישראל מעלה אדומים",True
גאמוס אירועים | GAMOS EVENTS,073-7586813,אולמות וגנים,https://engaged.co.il/המלצות/גאמוס-אירועים.html,,,077-9972343,https://www.gamos.co.il,"https://www.google.com/maps/search/די+זהב+7,+פארק+ישראל+מעלה+אדומים",,9.4,180,"די זהב 7, פארק ישראל מעלה אדומים",True
אודאון | Odeon - גן אירועים,077-9977400,אולמות וגנים,https://engaged.co.il/המלצות/אודאון.html,,,072-216-0052,https://odeon.co.il,https://www.google.com/maps/search/?api=1&query=Odeon+Events+Garden+HaMasik+St+6+Emek+Hefer+Industrial+Park+Hefer+Valley+Israel,https://odeon.co.il/wp-content/uploads/2021/04/logo.png,4.5,1265,"HaMasik St 6, Emek Hefer Industrial Park, Hefer Valley, Israel",True
אקו חדרה | ECO גן אירועים,077-9976891,אולמות וגנים,https://engaged.co.il/המלצות/אקו-גן-אירועים.html,,,+972 73-726-3333,d-eco.co.il,https://www.google.com/maps/search/אקו+חדרה+ECO+גן+אירועים+בעלי+מלאכה+31+חדרה,,4.2,1580,"בעלי מלאכה 31, חדרה, ישראל",True
מי מתחם אירועים ברעננה | ME EVENTS מתחם אירועי בוטיק בשרון,077-9975711,אולמות וגנים,https://engaged.co.il/המלצות/מי-אירועים-רעננה.html,,,072-3970112,https://me-events.co.il,"https://www.google.com/maps/place/ME+Events/@32.191599,34.871025,17z/data=!4m8!1m2!2m1!1sME+EVENTS+%D7%9E%D7%AA%D7%97%D7%9D+%D7%90%D7%99%D7%A8%D7%95%D7%A2%D7%99+%D7%91%D7%95%D7%98%D7%99%D7%A7+%D7%91%D7%A9%D7%A8%D7%95%D7%9F!3m4!1s0x151d371400000001:0x123456789abcdef0!8m2!3d32.191599!4d34.871025!9m1!1b1?hl=iw",https://me-events.co.il/wp-content/uploads/2021/07/me-events-logo.png,4.7,93,"התדהר 2, רעננה, 4366504, ישראל",True
קדיתא | Kadita גן אירועים,077-4447129,אולמות וגנים,https://engaged.co.il/המלצות/קדיתא.html,,,055-453-9715,https://kadita-events.co.il/,,,,,המסיק 5 עמק חפר ת.ד 169 מיקוד 3877701,True
גאיה חדרה | Gaya Hadera,055-4547281,אולמות וגנים,https://engaged.co.il/המלצות/גאיה-חדרה.html,,,055-4539480,https://gaya-hadera.co.il,"https://www.google.com/maps/place/%D7%92%D7%90%D7%99%D7%94+%D7%97%D7%93%D7%A8%D7%94%E2%80%AD/@32.433939,34.922129,17z/data=!4m8!3m7!1s0x151d161102231201:0x31165306e232962!8m2!3d32.433939!4d34.922129!9m1!1b1!16s%2Fg%2F11c261_23c?hl=iw&entry=ttu",https://gaya-hadera.co.il/wp-content/uploads/2023/03/logo-gaya.png,4.8,1651,"האומן 12, חדרה",True
מתקן צילום 360 צילום 360 לאירועים,,אטרקציות,https://engaged.co.il/המלצות/מתקן-צילום-360.html,,,050-9030901,https://faceit.co.il/,,,,,,True
5.91 | events 5.91 אירועים על הים,077-8052122,אולמות וגנים,https://engaged.co.il/המלצות/5-91-אירועים.html,,,055-453-9311,https://591.co.il/,"https://www.google.com/maps/place/5.91+-+%D7%90%D7%99%D7%A8%D7%95%D7%A2%D7%99%D7%9D+%D7%A2%D7%9C+%D7%94%D7%99%D7%9D/@32.308738,34.840942,17z/data=!4m8!3m7!1s0x151d3f8366666667:0x6666666666666666!8m2!3d32.308738!4d34.840942!9m1!1b1!16s%2Fg%2F11f3_6_6_6",https://591.co.il/wp-content/uploads/2023/05/5.91-Beach-House-Logo.png,4.5,916,"שדרות עובד בן עמי 2, נתניה, ישראל",True
88 גן אירועים | 88 בעמק חפר,077-8043304,אולמות וגנים,https://engaged.co.il/המלצות/88-גן-אירועים-בעמק.html,,,055-453-9653,https://8eighty.co.il/,https://www.google.com/maps/search/?api=1&query=88+גן+אירועים+עמק+חפר,https://8eighty.co.il/wp-content/uploads/2024/04/88-logo.png,4.4,73,"נחל אלכסנדר 26, עמק חפר",True
הגן בשפיים | Hagan Beshefayim גן אירועים,,אולמות וגנים,https://engaged.co.il/המלצות/הגן-השקוף.html,,,055-4539507,https://www.haganbeshefayim.co.il/,,,0.0,0,קיבוץ שפיים,True
פוטושוט צלמים | PHOTOSHOT PHOTOGRAPHY צילום אירועים,,צלמים,https://engaged.co.il/המלצות/פוטושוט-צילום-אירועים.html,,,052-8282308,,0.0,0,"חיים משה שפירא 24, אשדוד",,,True
חורשת ראשונים מתחם אירועים | Shani marom,,אולמות וגנים,https://engaged.co.il/המלצות/חורשת-ראשונים-מתחם-אירועים.html,,,,,0.0,0,,,,True
יבבבחטט ולטחטחט | ץ ץ,,אולמות וגנים,https://engaged.co.il/המלצות/יבבבחטט-ולטחטחט.html,,,,,0.0,0,,,,True
טל גולן צילום חתונות | Tal Golan Photography רגעים שנשארים לנצח,,צלמים,https://engaged.co.il/המלצות/טל-גולן-צילום-חתונות.html,,,,,0.0,0,,,,True
בריידשוט | BrideShoot יצירת תוכן לחתונות,,צלמים,https://engaged.co.il/המלצות/בריידשוט.html,,,,,0.0,0,,,,True
עידן נהרי | Idan Nahari צילום אירועים,,צלמים,https://engaged.co.il/המלצות/עידן-נהרי-צילום-אירועים.html,,,,,0.0,0,"אליעזר מזל 4, קומה 1, ראשון לציון",,,True
קראון צלמים | CROWN צלם חתונות,,צלמים,https://engaged.co.il/המלצות/קראון-צלמים.html,,,,,0.0,0,"אליעזר מזל 4, קומה 1, ראשל""צ מערב",,,True
Olga Salimov,,צלמים,https://engaged.co.il/המלצות/olga-salimova.html,,,,https://www.instagram.com/olasalimov,0.0,0,Israel,,,True
ערן אלרגנט | Eran Alergant- Photographer צילום באווירה שונה!,,צלמים,https://engaged.co.il/המלצות/ערן-אלרגנט.html,,,,,0.0,0,,,,True
קטיה מומנטס | K.R Moments צילום סושיאל לחתונה,,צלמים,https://engaged.co.il/המלצות/קטיה-מומנטס.html,,,,https://www.instagram.com/k.r.moments,0.0,0,,,,True
טוהר אשכנזי | Tohar Ashkenazi סושיאל ליום הכי מרגש שלכם,,צלמים,https://engaged.co.il/המלצות/טוהר-אשכנזי.html,,,,,0.0,0,,,,True
מדור לדור | Dor Fayna Photography צילום חתונות,,צלמים,https://engaged.co.il/המלצות/מדור-לדור.html,,,,,0.0,0,"שלמה לוי, ראשון לציון",,,True
אלעד מימון צילום,,צלמים,https://engaged.co.il/המלצות/אלעד-מימון-צילום.html,,,,,0.0,0,נתניה,,,True
ליצ'י lychee | lychee,,צלמים,https://engaged.co.il/המלצות/ליצי-lychee.html,,,073-7305550,http://lycvi.com,0.0,0,"סיני 5, באר שבע",,,True
נטו וי - אר | netoVR making future memory,,צלמים,https://engaged.co.il/המלצות/שלומי-בסרבי.html,,,,,0.0,0,,,,True
פרו שוט צילום אירועים | prophet proshot,,צלמים,https://engaged.co.il/המלצות/pro-shot.html,,,052-8282308,,4.9,88,"חיים משה שפירא 24, אשדוד",,,True
ינון כהן - צילום וידאו | Yinon video צילום וידאו רגיש ויפיפיה,,צלמים,https://engaged.co.il/המלצות/ינון-כהן-צילום-וידאו.html,,,,,0.0,0,מרכז,,,True
סמייל סטודיו | Smile Studio,,צלמים,https://engaged.co.il/המלצות/סמייל-סטודיו.html,,,,,0.0,0,"בני ברמן 2, נתניה, מגדל עיר ימים, מיקוד 4249330",,,True
אור יעקב יצירת תוכן מותאם לסושיאל,,צלמים,https://engaged.co.il/המלצות/אור-יעקב.html,,,,,0.0,0,,,,True
אילן פריימן צילום צלם חתונות קצת אחר.,,צלמים,https://engaged.co.il/המלצות/אילן-פריימן-צילום.html,,,,,0.0,0,,,,True
GUY LEVI | GUY LEVI GUY LEVI,,צלמים,https://engaged.co.il/המלצות/guy-levi.html,,,,,0.0,0,Herzliya,,,True
טופ צלמים,,צלמים,https://engaged.co.il/המלצות/טופ-צלמים.html,,,"072-329-0660, 050-689-9908",https://www.eventsphotographers.co.il,0.0,0,"רפידים 33, ראשון לציון",,,True
לה סושיאל | La Social כשהאהבה פוגשת רגעים מיוחד,,צלמים,https://engaged.co.il/המלצות/לה-סושיאל.html,,,,https://www.instagram.com/_la_social/,0.0,0,,,,True
שי מנשה לוי צילום | Shay Menashe Levy Photography צילום מושלם לכל אירוע,,צלמים,https://engaged.co.il/המלצות/שי-מנשה-לוי-צילום.html,,,,,0.0,0,,,,True
אלורה סושיאל | Alora social יצירת תוכן להפקות וכלות,,צלמים,https://engaged.co.il/המלצות/אלורה-סושיאל.html,,,,https://www.instagram.com/alora.social,0.0,0,,,,True
גופיק | GOPIC ביחד יוצרים זיכרון,,צלמים,https://engaged.co.il/המלצות/גופיק.html,,,,,0.0,0,זכרון יעקב,,,True
עינב אוחנה | 5612515 עינב אוחנהגכהנעגכה,,צלמים,https://engaged.co.il/המלצות/עינב-אוחנה.html,,,,,0.0,0,,,,True
וידאו עמוס | video amos וידאו עמוס,,צלמים,https://engaged.co.il/המלצות/וידאו-עמוס.html,,,072-3116215,,0.0,0,"טשרניחובסקי 4, קרית שמונה",,,True
הודיה אדיב | ADD SOCIAL צלמת סושיאל לחתונות,,צלמים,https://engaged.co.il/המלצות/הודיה-אדיב.html,,,,https://www.instagram.com/hodayassocial,0.0,0,,,,True
לונריה | LUNARIA עמדות די-ג׳יי,,אטרקציות,https://engaged.co.il/המלצות/לונריה.html,,,,https://www.instagram.com/lunaria._dj,0.0,0,,,,True
פיסת זיכרון | Piece Of Memory מזכרת שתשאיר זיכרון מרגש,,אטרקציות,https://engaged.co.il/המלצות/פיסת-זיכרון.html,,,,,0.0,0,,,,True
לייזר מי | Laser Me Events עמדת צילום וחריטה,,אטרקציות,https://engaged.co.il/המלצות/לייזר-מי.html,,,,https://www.facebook.com/Lasermeevents/,0.0,0,Haifa,,,True
צייר חתונות יצירת מזכרת ייחודית,,אטרקציות,https://engaged.co.il/המלצות/צייר-חתונות.html,,,,https://www.instagram.com/paint_love.il/,0.0,0,,,,True
דוו-טייל | Duo-Tale הסיפור שלכם אצלכם בחתונה,,אטרקציות,https://engaged.co.il/המלצות/דוו-טייל.html,,,,https://duo.tale.ai,0.0,0,,,,True
איוונטו | EVENTO,,אטרקציות,https://engaged.co.il/המלצות/איוונטו.html,,,073-757-8197,https://evento.plus,0.0,0,"יגיע כפיים 10, תל אביב",,,True
עמדות צילום סלפי | Flash עמדות רטרו סלפי,,אטרקציות,https://engaged.co.il/המלצות/עמדות-צילום-סלפי.html,,,,,0.0,0,"Jerusalem, Israel",,,True
מסיבתי | Mesibati אטרקציות לחתונה,,אטרקציות,https://engaged.co.il/המלצות/מסיבתי-שירותי-אירועים.html,,,,,0.0,0,"אליעזר מזל 4, קומה 1, ראשון לציון מערב",,,True
קיר משקפיי שמש | Sun Glasses במיתוג אישי,,אטרקציות,https://engaged.co.il/המלצות/קיר-משקפיים-לחתונה.html,,,,,0.0,0,,,,True
myView360 | myView360 עמדת צילום ב360° לאירועים,,אטרקציות,https://engaged.co.il/המלצות/myview360.html,,,,,0.0,0,,,,True
חרטה ברטה | Harta Barta חולצות מודפסות לחתונה,,אטרקציות,https://engaged.co.il/המלצות/חרטה-ברטה.html,,,,,0.0,0,,,,True
אטרקציות לחתונה מושלמת | wedding Attractions אטרקציות לחתונות,,אטרקציות,https://engaged.co.il/המלצות/אטרקציות-זה-אנחנו.html,,,055-99-23456,,0.0,0,אזור המרכז,,,True
טאג-בוקס | Tagbox עמדת צילום לאירועים,,אטרקציות,https://engaged.co.il/המלצות/tagbox-טאגבוקס-עמדות-צילום-לאירועים.html,,,073-374-4314,https://www.tagbox.co.il,0.0,0,"שמואל תמיר 45, תל אביב-יפו",,,True
ממורה | Memora לכל תמונה יש כתובת,,אטרקציות,https://engaged.co.il/המלצות/ממורה.html,,,,https://memora.ai,0.0,0,,,,True
סאן פלוור לווור | San flower lover עמדת שזירת פרחים לאירועים,,אטרקציות,https://engaged.co.il/המלצות/סאן-פלוור-לווור.html,,,,,0.0,0,Ramat Gan,,,True
הההההה,,אטרקציות,https://engaged.co.il/המלצות/הההההה.html,,,,,0.0,0,,,,True
צייר לי כבשה קריקטורות+איורים לאירועים,,אטרקציות,https://engaged.co.il/המלצות/צייר-לי-כבשה.html,,,,,0.0,0,,,,True
דונאט דרימס | DONUT DREAMS קיר דונאטס של השמחות,,אטרקציות,https://engaged.co.il/המלצות/קורל-נחמה.html,,,,,0.0,0,,,,True
פיקצ'ר | Pickture.ai סלפי אחד - וכל אורח מקבל,,אטרקציות,https://engaged.co.il/המלצות/פיקצר.html,,,,https://pickture.ai,0.0,0,Tel Aviv,,,True
White Event אטרקציות לחתונה,,אטרקציות,https://engaged.co.il/המלצות/white-event.html,,,,,0.0,0,Ashqelon,,,True
וואם WEM,,אטרקציות,https://engaged.co.il/המלצות/וואם.html,,,,,0.0,0,,,,True
הרמיטאג האירוע שלכם היצירה שלנו,,אטרקציות,https://engaged.co.il/המלצות/הרמיטאג.html,,,,,0.0,3,"הפלדה 1, אור יהודה",,,True
מאר ג׳רז עוגות בצנצנות | Mar Jarz,,אטרקציות,https://engaged.co.il/המלצות/מאר-ג׳רז-עוגות-בצנצנות.html,,,,,0.0,0,Tel Aviv,,,True
מייסלף | Myself עמדת צילום,,אטרקציות,https://engaged.co.il/המלצות/מייסלף.html,,,055-5623901,,0.0,0,,,,True
אולם פרחים | Olam Haprahim,,אטרקציות,https://engaged.co.il/המלצות/אולם-פרחים.html,,,,,0.0,0,"אליעזר מזל 4 קומה 1 ראשל""צ מערב",,,True
מגנטים HITI מגנטים לחתונה,055-4547294,אטרקציות,https://engaged.co.il/המלצות/מגנטים-hiti.html,,,055-4547294,https://www.facebook.com/people/%D7%9E%D7%92%D7%A0%D7%98%D7%99%D7%9D-%D7%94%D7%99%D7%98%D7%99-HITI-Magnet/100063499426966/,0.0,0,נתניה,,,True
יהונתן - ציורי חתונה | Jonathan Art צייר חתונות בלייב,,אטרקציות,https://engaged.co.il/המלצות/יהונתן-ציורי-חתונה.html,,,,,0.0,0,,,,True
יהודה אוr | yehuda or צילום מקצועי לאירועים,,אטרקציות,https://engaged.co.il/המלצות/יהודה-אוr.html,,,,,0.0,0,,,,True
ERA Production | ERA Production,,אטרקציות,https://engaged.co.il/המלצות/era-production.html,,,,,0.0,0,Netanya,,,True
Eventesize - אירועים | Eventesize שירות אלבום תמונות אישי,,אטרקציות,https://engaged.co.il/המלצות/eventesize-אירועים.html,,,,https://www.instagram.com/eventesize,0.0,0,כל הארץ,,,True
קיאק פירות בחתונה קיאקי פירות איכותיים 🍍,,אטרקציות,https://engaged.co.il/המלצות/קיאק-בחתונה.html,,,055-99-23456,,0.0,0,,,,True
Flower Me | Flower Me -שזירת פרחים לחתונה,,אטרקציות,https://engaged.co.il/המלצות/flower-me.html,,,,,0.0,0,,,,True
עיתון בהפתעה מגזין חתונה בעיצוב אישי,,אטרקציות,https://engaged.co.il/המלצות/עיתון-בהפתעה.html,,,,,0.0,0,"הכרמל 1, אור עקיבא",,,True
סטודיו לבנדר | Studio Lavender עיצוב חתונות |שזירת פרחים,,אטרקציות,https://engaged.co.il/המלצות/סטודיו-לבנדר.html,,,,https://www.facebook.com/100090348469702,0.0,0,באר שבע,,,True
רנה | Renne חנות אירועים,,אטרקציות,https://engaged.co.il/המלצות/רנה-חנות-אירועים.html,,,,,0.0,0,ראשון לציון,,,True
פולה פולארויד | We Are Pola Polaroid 3..2..1 התמונה ביד ו-ואוו,,אטרקציות,https://engaged.co.il/המלצות/פולה-פולארויד.html,,,,,0.0,0,"Tel Aviv-Yafo, Israel",,,True
נעם מרזוק | Noam Marzook איור ואנימציה,,אטרקציות,https://engaged.co.il/המלצות/נעם-מרזוק-איור-ואנימציה.html,,,,,0.0,0,Israel,,,True
LASER SHOW TIME,,אטרקציות,https://engaged.co.il/המלצות/laser-show-time.html,,,,,0.0,0,,,,True
סיי-יוו | C-you מגנטים מיוחדים בעריכת AI,,אטרקציות,https://engaged.co.il/המלצות/סיי-יוו.html,,,050-9030901,,0.0,0,,,,True
א.פ,,אטרקציות,https://engaged.co.il/המלצות/אפ-5.html,,,...,...,0.0,0,בני ברק,,,True
פנטסטיקו | Fantastico אטרקציות לאירועים מושלמים,,אטרקציות,https://engaged.co.il/המלצות/פנטסטיקו.html,,,,,0.0,0,,,,True
"אבי אקריש | Aviolin אביולין, כנר לאירועים",,אטרקציות,https://engaged.co.il/המלצות/אבי-אקריש.html,,,,,0.0,0,,,,True
סטרינגס | STRINGS חוטים שמחברים בין כולם..,,אטרקציות,https://engaged.co.il/המלצות/סטרינגס.html,,,,,0.0,0,,,,True
פילבוקס | FeelBox עמדת צילום לאירועים,,אטרקציות,https://engaged.co.il/המלצות/פילבוקס.html,,,,,0.0,0,,,,True
ממו | MEMO הדור הבא של המגנטים!,,אטרקציות,https://engaged.co.il/המלצות/ממו-2.html,,,,https://memo.it,0.0,0,,,,True
למה? כובע! | lAMACOVA כובעי ספוג צבעוניים לרחבה,,אטרקציות,https://engaged.co.il/המלצות/למה-כובע.html,,,,,0.0,0,Petah Tikva,,,True
דומילה | dumila מזכרות עם אמביגרמות,,אטרקציות,https://engaged.co.il/המלצות/דומילה.html,,,,,0.0,0,מרחב עם,,,True
סלפיז | Selfies עמדת סלפי מראה לאירועים,,אטרקציות,https://engaged.co.il/המלצות/סלפיז.html,,,055-5623901,https://selfies.co.il/,0.0,0,אזור השרון,,,True
"770 אולפן הקלטות | 770FM הקלטת ברכת כלה ""און ליין""",,אטרקציות,https://engaged.co.il/המלצות/770-אולפן-הקלטות.html,,,,,0.0,0,,,,True
מגנט לכל אירוע מגנטים לחתונה,,אטרקציות,https://engaged.co.il/המלצות/מגנט-לכל-אירוע.html,,,,,0.0,0,,,,True
"סטודיו אר. קי. אי | Studio R.K.A מגנטים, אינסטבלוק ועוד",,אטרקציות,https://engaged.co.il/המלצות/karin-rahmani.html,,,,,0.0,0,"טיילת הספורט 288, דימונה",,,True
קומיקס הפעלות,,אטרקציות,https://engaged.co.il/המלצות/קומיקס-הפעלות.html,,,,,0.0,0,,,,True
מרקו פולארויד | MARCO POLAROID קסם על פילם,,אטרקציות,https://engaged.co.il/המלצות/מרקו-פולארויד.html,,,,,0.0,0,,,,True
מישל פיבוברוב | Mishelle Pivovarov זמרת חופות,,מוזיקה,https://engaged.co.il/המלצות/מישל-פיבוברוב.html,,,,,0.0,0,,,,True
אריאל ודור - צמד גיטרו | Ariel and Dor - Guitar Duo דבר ראשון - חוויה מרגשת.,,מוזיקה,https://engaged.co.il/המלצות/אריאל-ודור-צמד-גיטרו.html,,,,,0.0,0,מרכז,,,True
דיג׳יי עמית מאיר | Amit Meir מוסיקה לחתונות,,מוזיקה,https://engaged.co.il/המלצות/דיג׳יי-עמית-מאיר.html,,,,amitmeir.co.il,0.0,0,"חרמון 5, Or Yehuda, Israel, 6041910",,,True
זיו לזרוביץ | Ziv Lazarovitch,055-4537220,מוזיקה,https://engaged.co.il/המלצות/זיו-לזרוביץ.html,,,055-4537220,https://www.facebook.com/zivlazrovitchofficial,0.0,0,,,,True
די ג׳יי אוסי יניב | Dj Ossie Yaniv,,מוזיקה,https://engaged.co.il/המלצות/יניב-אוסי.html,,,,,0.0,0,Ramat Gan,,,True
דיג'יי טל מור | DJ Tal mor,,מוזיקה,https://engaged.co.il/המלצות/טל-מור.html,,,,,0.0,0,"אליעזר מזל 4 קומה 1 ראשל""צ מערב",,,True
טל פינטו | DJ TALPI DJ Talpi דיג'יי לאירועים,,מוזיקה,https://engaged.co.il/המלצות/טל-פינטו.html,,,,,0.0,0,"הרצל 57, בת ים",,,True
לוס ריסוס | Los Rizos גיטרה ושירה לקבלת פנים,,מוזיקה,https://engaged.co.il/המלצות/לוס-ריסוס.html,,,,,0.0,0,,,,True
דיגיי שגיא יעקובי | dj Sagi yakobi דיגיי לחתונות,055-4318477,מוזיקה,https://engaged.co.il/המלצות/די-גי-שגיא-יעקובי.html,,,,,0.0,0,,,,True
נאור משעלי | Naor Mishali זמר החתונות,,מוזיקה,https://engaged.co.il/המלצות/נאור-משעלי.html,,,...,...,0.0,0,...,,,True
רי מיוזיק | Ri-Music באים ! שוברים ! רוקדים !,,מוזיקה,https://engaged.co.il/המלצות/רי-מיוזיק.html,,,,,0.0,0,,,,True
מוטי קקון | Moti Kakun,,מוזיקה,https://engaged.co.il/המלצות/מוטי-קקון.html,,,,https://www.instagram.com/djmotikakun,0.0,0,,,,True
טינה-נאי-נאי | TiNA-NAY-NAY באים לעשות שמח 👏✨,,מוזיקה,https://engaged.co.il/המלצות/tina_nay_nay.html,,,,,0.0,0,,,,True
סווינג דיגייס | Swing Djs תקליטנים לחתונה,,מוזיקה,https://engaged.co.il/המלצות/סווינג-דיגייס.html,,,,,0.0,85,Tel Aviv,,,True
עידן שלום | Idan Shalom דיג'יי לחתונות ואירועים,,מוזיקה,https://engaged.co.il/המלצות/עידן-שלום.html,,,,,0.0,0,,,,True
אסף טוביה | ASSAF TUVIA מהבמות הגדולות בעולם,,מוזיקה,https://engaged.co.il/המלצות/אסף-טוביה.html,,,,,0.0,0,,,,True
אביב ויצמן,,מוזיקה,https://engaged.co.il/המלצות/אביב-ויצמן.html,,,,,0.0,0,"אלה 2, אחוזת ברק",,,True
אבשה תקלוט חתונות לייב | Avsha Live Wedding Dj אירוע פרוע ולא שגרתי!,,מוזיקה,https://engaged.co.il/המלצות/אבשה-תקלוט-חתונות-לייב.html,,,,,0.0,0,שרון,,,True
קבוצת נועם זלאיט | Noam Zlayet DJ'S,053-7102007,מוזיקה,https://engaged.co.il/המלצות/נועם-זלאיט.html,,,,,5.0,6,Ramat Gan,,,True
Dj zadok | Zadok after techno,,מוזיקה,https://engaged.co.il/המלצות/dj-zadok.html,,,,,0.0,0,,,,True
אורן קארו | Oren Karo סקסופוניסט,,מוזיקה,https://engaged.co.il/המלצות/אורן-קארו-סקסופוניסט.html,,,,https://www.instagram.com/orenkaro,0.0,0,גבעת אבני,,,True
אלין ג׳ון | Aline John אלין רגואן,,מוזיקה,https://engaged.co.il/המלצות/aline-john.html,,,,https://www.instagram.com/alline.john,0.0,0,Tel Aviv-Yafo,,,True
אקספורט מיוזיק | DJ DANIEL AMAR DJ למגזר הדתי,,מוזיקה,https://engaged.co.il/המלצות/אקספורט-מיוזיק.html,,,,,0.0,0,"דרך זאב ז'בוטינסקי 138, רמת גן",,,True
אוראל נעימי | Momento דיג'יי לחתונה,0522575498,מוזיקה,https://engaged.co.il/המלצות/אוראל-נעימי.html,,,,https://www.tiktok.com/@orelnaimi,0.0,0,,,,True
תזמורת קשתנים | תזמורת לקבלת פנים וחופה,,מוזיקה,https://engaged.co.il/המלצות/אייל-גזונדהייט.html,,,,,0.0,0,איזור ירושלים,,,True
בני גלב | Genny Glav הפסקול של הסיפור שלכם,,מוזיקה,https://engaged.co.il/המלצות/בני-גלב.html,,,,http://www.doubledj.co.il,0.0,0,,,,True
דיג'יי הילס | Hilis תקליטנים לחתונה,,מוזיקה,https://engaged.co.il/המלצות/הילס-חברה-למוסיקה.html,,,,,0.0,0,"בן יהודה, רחובות",,,True
מאסטר דרבוקה | DARBUKA MASTER אירוע ברמה - שואו ברחבה,,מוזיקה,https://engaged.co.il/המלצות/מאסטר-דרבוקה.html,,,,,0.0,0,,,,True
אליאור לוי | DJs Legendary Music אגדה של מוזיקה,,מוזיקה,https://engaged.co.il/המלצות/אליאור-לוי.html,,,,,0.0,0,,,,True
אליטה דיג'ייז | ELITA,,מוזיקה,https://engaged.co.il/המלצות/אליטה-דיגייז.html,,,,https://elitamusic.co.il,0.0,0,Tel Aviv,,,True
אושרי חן | Dj Oshry דיגיי לחתונה,,מוזיקה,https://engaged.co.il/המלצות/אושרי-חן.html,,,,,0.0,0,,,,True
די.ג'יי מאור חוגי | dj m.c,,מוזיקה,https://engaged.co.il/המלצות/דיגיי-מאור-חוגי.html,,,,,0.0,0,,,,True
מורנפר | MORENPER שירותי מוזיקה,,מוזיקה,https://engaged.co.il/המלצות/מורנפר.html,,,,,0.0,0,"אליהו נחייסי, בת ים",,,True
יואב חסיס | יואב חסיס זמר מרגש לאירועים מיוחדים,,מוזיקה,https://engaged.co.il/המלצות/יואב-חסיס.html,,,,www.yoavsing.co.il,0.0,0,,,,True
"דיג׳יי בלבוסטה | Dj BalaBoosta לחתונה מגוונת, צבעונית ובועטת.",,מוזיקה,https://engaged.co.il/המלצות/dj-balaboosta.html,,,,https://djbalaboosta.com,0.0,0,,,,True
תומר מייזנר | Tomer Maizner דיג'יי לחתונה,,מוזיקה,https://engaged.co.il/המלצות/תומר-מייזנר.html,,,,,0.0,0,,,,True
עידן הלוי - אילון טון | Eilon Tone Djs מוסיקה איכותית למתחתנים,,מוזיקה,https://engaged.co.il/המלצות/עידן-הלוי-אילון-טון.html,,,,,0.0,0,גדרה,,,True
ג'וי מיוזיק | Joy Music מוסיקה לאירועים,,מוזיקה,https://engaged.co.il/המלצות/גוי-מיוזיק-גרופ.html,,,055-4539180,,5.0,127,תל אביב יפו,,,True
דיגיי אייקון | Dj ikone מוזיקה לכל אירוע,,מוזיקה,https://engaged.co.il/המלצות/דיגיי-אייקון.html,,,072-2597674,,0.0,0,"שד' ירושלים 25, רמת גן",,,True
"דיג׳י זן01 | Dj Zen01 Dj מוזיקת עולם,",,מוזיקה,https://engaged.co.il/המלצות/דיג׳י-זן01.html,,,,,0.0,0,צפון,,,True
דיג'יי נמרוד סנצ'וק | Dj Nimrod sanchuk שירותי מוסיקה לאירועים,,מוזיקה,https://engaged.co.il/המלצות/דיגיי-נמרוד-סנצוק.html,,,,,0.0,0,,,,True
דיג'יי שגיב סול שי | DJ Sagiv S,055-4547305,מוזיקה,https://engaged.co.il/המלצות/dj-sagiv-s.html,,,,,0.0,0,,,,True
תקליטנית | DJ ADLER דיג'יית שתעיף אתכם,,מוזיקה,https://engaged.co.il/המלצות/תקליטנית.html,,,,,0.0,0,,,,True
דיג׳יי רועי קליין | DJ Roei Klein השמחה שלכם זו ההצלחה שלי,,מוזיקה,https://engaged.co.il/המלצות/דיג׳יי-רועי-קליין.html,,,,,0.0,0,,,,True
דניאל גרון | DJ DAN GERON די-ג׳יי דן גרון,,מוזיקה,https://engaged.co.il/המלצות/דניאל-גרון.html,,,,,0.0,0,"שרון, מרכז, איזור חיפה, איזור תל אביב",,,True
אסי כסיף | Hippo Dj's מוזיקה לאירועים,055-4547320,מוזיקה,https://engaged.co.il/המלצות/אסי-כסיף.html,,,055-4539214,https://izi.co.il/hippodjs,5.0,88,"מרקוביץ אברהם 3, ראשון לציון",,,True
דיג׳יי ספיר חזון | Dj Sapir Hazon מרימה בלי לסחוב,,מוזיקה,https://engaged.co.il/המלצות/דיג׳יי-ספיר-חזון.html,,,,https://www.instagram.com/dj.sapirhazon,5.0,,,,,True
די ג׳יי אליאור מור | DJ ELIOR MOR Elior Mor,,מוזיקה,https://engaged.co.il/המלצות/די-ג׳יי-אליאור-מור.html,,,...,...,0.0,0,...,,,True
דיג׳יי קיטי | Dj Kitty - קרן אורבך,,מוזיקה,https://engaged.co.il/המלצות/d-kitty-דיגיי-קיטי.html,,,,,,,תל אביב יפו,,,True
אור בן ברוך נגן פאנטם | Or Ben Baruch Pantam Hang Drum Player קבלת פנים לצלילי פאנטם,,מוזיקה,https://engaged.co.il/המלצות/אור-בן-ברוך-נגן-פאנטם.html,,,,https://www.instagram.com/or.ben.baruch/,0.0,0,איזור ירושלים,,,True
D.j. בר כהן | D.j. bar cohen D.j. ותקליטן לאירועים,,מוזיקה,https://engaged.co.il/המלצות/dj-בר-כהן.html,,,,,0.0,0,,,,True
וילה בשי | Villa Bashi-Boho house for pre-wedding moments וילה להתארגנות ולינה,,לחתן ולכלה,https://engaged.co.il/המלצות/וילה-בשי.html,,,,,0.0,0,בשומרון,,,True
הפינגווין -אמבטיות קרח | Penguin ice baths סדנת אמבטיית קרח,,לחתן ולכלה,https://engaged.co.il/המלצות/הפינגווין-אמבטיות-קרח.html,,,,,0.0,0,,,,True
Sandra Tal makeup | Sandra Tal makeup,,לחתן ולכלה,https://engaged.co.il/המלצות/sandra-tal-makeup.html,,,,,0.0,0,שפלה,,,True
קרן כהן איפור שיער | Keren cohen makeup מדגישה את היופי שלך,,לחתן ולכלה,https://engaged.co.il/המלצות/קרן-כהן-איפור-שיער.html,,,,,0.0,0,"Shazar Street 43, Tel Aviv",,,True
הודיה טובה מידני | Hodaya meidany מאפרת ומסרקת כלות,,לחתן ולכלה,https://engaged.co.il/המלצות/הודיה-טובה-מידני.html,,,,https://www.instagram.com/hodaya_meidany,0.0,0,,,,True
רותם | ROTEM עיצוב שמלות כלה וערב,,לחתן ולכלה,https://engaged.co.il/המלצות/רותם.html,,,,,0.0,0,תל-אביב,,,True
koranga קידום אתרים,,לחתן ולכלה,https://engaged.co.il/המלצות/roy-yalon.html,,,073-2555000,http://koranga.co.il,5.0,1,"המלאכה 4, נתניה",,,True
נטע מאירוביץ איפור כלות וערב,,לחתן ולכלה,https://engaged.co.il/המלצות/נטע-מאירוביץ-איפור-כלות-וערב.html,,,,,0.0,0,,,,True
עודד נריאל איפור ועיצוב שיער כלות | Oded Neriel Makeup & Hair,,לחתן ולכלה,https://engaged.co.il/המלצות/עודד-נריאל-איפור-ועיצוב-שיער-כלות.html,,,,,0.0,0,שרון,,,True
נוי ארביב מאפרת כלות | noy arbiv נוי ארביב מאפרת כלות,,לחתן ולכלה,https://engaged.co.il/המלצות/נוי-ארביב-מאפרת-כלות.html,,,,https://instagram.com/noy.arbiv_makeup,0.0,0,,,,True
שרון גרייפנר | Sharon Greifner מאפרת כלות וערב,,לחתן ולכלה,https://engaged.co.il/המלצות/sharon-greifner.html,,,,,0.0,0,איזור תל אביב,,,True
"נטלי מרזייב מסרקת כלות | Natali merzayev brides&braids תסרוקות כלה, ערב וצמות",,לחתן ולכלה,https://engaged.co.il/המלצות/נטלי-מרזייב-מסרקת-כלות.html,,,,https://www.instagram.com/natali.merzayev,0.0,0,"שפלה, מרכז",,,True
דביר טוויק | Dvir Tvik עיצוב שיער,,לחתן ולכלה,https://engaged.co.il/המלצות/דביר-טוויק.html,,,,,0.0,0,מלון לאונרדו פלאזה,,,True
חזי כהן | Hezi Cohen עיצוב שיער,,לחתן ולכלה,https://engaged.co.il/המלצות/חזי-כהן.html,,,,,0.0,0,"אליעזר מזל 4 קומה 1 ראשל""צ מערב",,,True
הסלון של גלית התארגנות כלות ברחובות,,לחתן ולכלה,https://engaged.co.il/המלצות/הסלון-של-גלית.html,,,,https://www.instagram.com/hasalon_galit/,0.0,0,רחובות,,,True
ליאוני שמלות כלה | Leonie Bridal,,לחתן ולכלה,https://engaged.co.il/המלצות/ליאוני-שמלות-כלה.html,,,,,8.5,0,"רענן 22, תל אביב יפו",,,True
שירה ממן | Shira Maman מאפרת ומעצבת שיער,,לחתן ולכלה,https://engaged.co.il/המלצות/שירה-ממן.html,,,,,0.0,0,יהוד-מונוסון,,,True
מאפרת | Makeup artist מעיין אהרון- מאפרת כלות,,לחתן ולכלה,https://engaged.co.il/המלצות/מאפרת.html,,,,https://www.instagram.com/maayan.makeupp/,0.0,0,פתח תקווה,,,True
גריי סטאר | GRAY STAR ! OUR PLANET YOUR STAGE,,לחתן ולכלה,https://engaged.co.il/המלצות/גריי-סטאר.html,,,0723360708,,0.0,0,"אלטלף 3, יהוד מונוסון",,,True
רחלי דהן איבגי איפור כלות,,לחתן ולכלה,https://engaged.co.il/המלצות/רחלי-דהן-מאפרת.html,,,,,0.0,0,שירות עד הבית,,,True
עידו רפאל | Ido Raphael איפור ושיער לכלה,,לחתן ולכלה,https://engaged.co.il/המלצות/עידו-רפאל-איפור-כלות.html,,,,https://www.instagram.com/idoraphaelmakeup,0.0,0,תל אביב-יפו,,,True
רוני זוהר בן חיים,,לחתן ולכלה,https://engaged.co.il/המלצות/רוני-זוהר-בן-חיים.html,,,,,0.0,0,,,,True
אלכסה בריידל | Alexa Bridal שמלות כלה במחירים שפויים,,לחתן ולכלה,https://engaged.co.il/המלצות/אלכסה-בריידל.html,,,072-3100810,,0.0,0,"העצמאות 85, בנימינה",,,True
שירן משה | Shiran Moshe,,לחתן ולכלה,https://engaged.co.il/המלצות/שירן-משה.html,,,,shiranmoshe.com,0.0,0,"עמק 6, Be'er Ya'akov, Israel, 725111",,,True
רינה זילברשטיין | Rena Silverstein לטפל ביופי שלך כמו מלכה,,לחתן ולכלה,https://engaged.co.il/המלצות/רינה-זילברשטיין.html,,,,,0.0,0,Kiryat Gat,,,True
תמר עטיה | Tamar Atia איפור ושיער לכלה,055-4350112,לחתן ולכלה,https://engaged.co.il/המלצות/תמר-עטייה.html,,,,,0.0,0,,,,True
הבית לכלה בית מושלם להתארגנות לכלה,,לחתן ולכלה,https://engaged.co.il/המלצות/הבית-לכלה.html,,,,,0.0,0,,,,True
ליאור טפיארו איפור | Lior Tapiero makeup&hair מתמחה בסגנון עדין ונקי,,לחתן ולכלה,https://engaged.co.il/המלצות/ליאור-טפיארו-איפור.html,,,,https://www.instagram.com/liortapiero_makeup_hair,0.0,0,,,,True
אירית בוטיק | iritboutique בוטיק לכלה במחיר הוגן,,לחתן ולכלה,https://engaged.co.il/המלצות/אירית-בוטיק.html,,,,,0.0,0,מרכז בארץ,,,True
שלומית אזרד | Shlomit Azrad שמלות כלה,,לחתן ולכלה,https://engaged.co.il/המלצות/שלומית-אזרד.html,,,072-2238364,,0.0,0,"היצירה 21, רמלה, ישראל קומה 1",,,True
לינוי לוסקי | Linoy luski makeup&Hair מאפרת ומעצבת שיער לכלות,,לחתן ולכלה,https://engaged.co.il/המלצות/לינוי-לוסקי.html,,,,,0.0,0,Petah Tiqwa,,,True
אסתי קוזלובסקי- מאפרת | Makeupp by Esti איפור כלות,,לחתן ולכלה,https://engaged.co.il/המלצות/אסתי-קוזלובסקי-מאפרת.html,,,,,0.0,0,Afula,,,True
הלל פליישמן | Hallel Flayshman איפור ועיצוב שיער,,לחתן ולכלה,https://engaged.co.il/המלצות/הלל-פליישמן-מאפרת.html,,,,,0.0,0,,,,True
ספיר טאוב | Sapir Taub איפור ועיצוב שיער לכלות,0554309866,לחתן ולכלה,https://engaged.co.il/המלצות/ספיר-טאוב.html,,,,https://www.instagram.com/sapirtaub,0.0,0,Tel Aviv,,,True
השכרת תלבושות לחינה חינות השרון,055-4547290,לחתן ולכלה,https://engaged.co.il/המלצות/השכרת-תלבושות-לחינה.html,,,,,0.0,0,Netanya,,,True
סטודיו לינוי אבוטבול | Studio Linoy Abutbul סטודיו לינוי אבוטבול,,לחתן ולכלה,https://engaged.co.il/המלצות/סטודיו-לינוי-אבוטבול.html,,,,,0.0,0,ראשון לציון,,,True
אלכסנדרה מילאנו | Alexandra Melano מאפרת מקצועית,,לחתן ולכלה,https://engaged.co.il/המלצות/אלכסנדרה.html,,,,,0.0,0,Petah Tikva,,,True
סוויטת חתן וכלה | VIP Suite דירת חלומות לחתן ולכלה,,לחתן ולכלה,https://engaged.co.il/המלצות/סוויטת-חתן-וכלה.html,,,,https://www.instagram.com/suite_tlv,0.0,0,Tel Aviv,,,True
אורטל חג'אג' | ortal hajaj הפרשת חלה מרגשת לכלות,055-4547318,לחתן ולכלה,https://engaged.co.il/המלצות/אורטל-חגאג-הפרשת-חלה.html,,,,https://wa.me/message/F3EF3DWUTKTJH1,0.0,0,,,,True
אל-חלל המרחב לכלה וחתן,,לחתן ולכלה,https://engaged.co.il/המלצות/אל-חלל.html,,,,,0.0,0,,,,True
מיטל גמליאל | Meital gamliel מעצבת שמלות כלה,,לחתן ולכלה,https://engaged.co.il/המלצות/מיטל-גמליאל.html,,,,,0.0,0,,,,True
גולדיקה מאפרת ומסרקת כלות וערב,,לחתן ולכלה,https://engaged.co.il/המלצות/גולדיקה.html,,,,https://www.instagram.com/goldika.makeup,0.0,0,,,,True
שריתה סולטנה | sarita sultana שריתה סולטנה הפקת אירועי,,לחתן ולכלה,https://engaged.co.il/המלצות/שריתה-סולטנה.html,,,072-393-4383,http://sarita-s.co.il,0.0,0,"אהרון מסקין 18, פתח תקווה",,,True
פזית חורש סאיג | Pazit Horesh Saig מאפרת מקצועית,,לחתן ולכלה,https://engaged.co.il/המלצות/פזית-חורש.html,,,072-3130552,,0.0,27,"זהרה אלפסיה 8, ראש העין",,,True
ליאורה מעצבת שיער לכלות,,לחתן ולכלה,https://engaged.co.il/המלצות/ליאורה.html,,,,,0.0,0,קרית אונו,,,True
ויסטה בוסתן הגליל | Vista Bustan צימר התארגנות ואירועים,,לחתן ולכלה,https://engaged.co.il/המלצות/ויסטה-בוסתן-הגליל.html,,,,,0.0,0,"בוסתן הגליל, מחוז הצפון, ישראל",,,True
ליהי לוסקי | hair designer מסרקת כלות,,לחתן ולכלה,https://engaged.co.il/המלצות/ליהי-לוסקי.html,,,,,0.0,0,,,,True
שוהם לוי כהן | Shoham Levy Cohen איפור וסירוק כלה,,לחתן ולכלה,https://engaged.co.il/המלצות/שוהם-לוי-כהן.html,,,,,0.0,0,אזור מרכז–דרום,,,True
אתי בן איפור מקצועי | Eti Ben Makeup Artist מאפרת כלות וערב,,לחתן ולכלה,https://engaged.co.il/המלצות/אתי-בן-איפור-מקצועי.html,,,,https://www.instagram.com/etti_ben33/,0.0,0,אשקלון והסביבה,,,True
מיכל רוטשילד,,לחתן ולכלה,https://engaged.co.il/המלצות/מיכל-רוטשילד.html,,,,,0.0,0,"בצלאל, ירושלים",,,True
רותם רויטמן איפור כלה | Rotem Roytman Bridal Makeup,,לחתן ולכלה,https://engaged.co.il/המלצות/רותם-רויטמן-איפור-כלה.html,,,,,0.0,0,"שבטי ישראל, נתניה",,,True
שיר עוקשי מאפרת | Shir okashi makeup,,לחתן ולכלה,https://engaged.co.il/המלצות/שיר-עוקשי-מאפרת.html,,,,,0.0,1,ראש העין,,,True
בחצר של אוטיליה | Otiliya מקום התארגנות לכלה,,לחתן ולכלה,https://engaged.co.il/המלצות/בחצר-של-אוטיליה.html,,,,https://www.facebook.com/bahatzer.shel.otilya,0.0,0,חדרה,,,True
און עילי - הפקת אירועי השמחה שלכם האחריות שלנו!,,ארגון חתונה,https://engaged.co.il/המלצות/און-עילי-הפקת-אירועי.html,,,,,0.0,0,,,,True
דיגיטל פיק | Digital Pick אישורי הגעה וסידורי הושבה,,ארגון חתונה,https://engaged.co.il/המלצות/דיגיטל-פיק.html,,,,https://digitalpick.co.il,0.0,0,,,,True
דאבל צ'ק | Double Check אישורי הגעה וסידורי הושבה,,ארגון חתונה,https://engaged.co.il/המלצות/דאבל-צק.html,,,,,0.0,0,,,,True
Peacock מיתוג חתונה,,ארגון חתונה,https://engaged.co.il/המלצות/peacock-אירועים-ממותגים.html,,,,https://www.instagram.com/peacock.brand.design/,0.0,0,Tel Aviv,,,True
גיספן הפקות ארועים | Gispan events חלומות מתגשמים .,,ארגון חתונה,https://engaged.co.il/המלצות/גיספן-הפקות-ארועים.html,,,,,0.0,0,,,,True
טסלהה לחתונה | tesla Wedding עמיאל כהן,,ארגון חתונה,https://engaged.co.il/המלצות/amiel-cohen.html,,,,,0.0,0,,,,True
נוצ'ה | Nucha עיצוב אירועים,,ארגון חתונה,https://engaged.co.il/המלצות/נוצה.html,,,,,0.0,0,,,,True
השכרת רכבים לחתן וכלה | RIDE VIP הרכב המושלם ליום המושלם,,ארגון חתונה,https://engaged.co.il/המלצות/השכרת-רכבים-לחתן-וכלה.html,,,053-405-5505,,0.0,0,Tel Aviv,,,True
לאב - ים לבון מפיק חתונה חלומית בעלות אפסית,,ארגון חתונה,https://engaged.co.il/המלצות/לאב-ים-לבון-מפיק.html,,,053-921-2622,,0.0,0,,,,True
אביבית בכר מפיקה | Avivit Bachar הפקת חתונות ואירועים בסטייל,055-4577669,ארגון חתונה,https://engaged.co.il/המלצות/אביבית-בכר-מפיקה.html,,,,https://www.instagram.com/avivit_bachar_event,0.0,0,,,,True
ענבל רוזנצויג | inbal rose מפיקה ומנהלת אירועים,077-9971142,ארגון חתונה,https://engaged.co.il/המלצות/ענבל-רוזנצויג.html,,,,,0.0,0,יהוד מונוסון,,,True
שלי חנן | Shelly Hanan ארגון חתונה חכם,,ארגון חתונה,https://engaged.co.il/המלצות/שלי-חנן.html,,,,https://www.instagram.com/shelly_hanan,0.0,0,,,,True
באלאו וודינג | Balao wedding עיצוב חתונות,,ארגון חתונה,https://engaged.co.il/המלצות/באלאו-וודינג.html,,,,,0.0,0,המרכז; השפלה,,,True
אוטו מרקט | auto market השכרת רכבי יוקרה לחתונה,,ארגון חתונה,https://engaged.co.il/המלצות/raz-zano.html,,,,,0.0,0,נתניה,,,True
יקום מקביל הפקות | אופיר רושנסקי מעצבים חוויה.,,ארגון חתונה,https://engaged.co.il/המלצות/יקום-מקביל-הפקות.html,,,,,0.0,0,,,,True
חינגא - אישורי הגעה אישורי הגעה חכמים,,ארגון חתונה,https://engaged.co.il/המלצות/חינגא-אישורי-הגעה.html,,,,,0.0,0,,,,True
הרב שלמה בטקין,,ארגון חתונה,https://engaged.co.il/המלצות/הרב-שלמה-בטקין.html,,,07-23935229,,0.0,0,"קרית היובל, ירושלים, ישראל",,,True
כהן יצחק | Choen itzhak רב עורך חופה,,ארגון חתונה,https://engaged.co.il/המלצות/כהן-יצחק.html,,,073-374-6655,,0.0,0,בצפון ובחיפה,,,True
Top productions | Top productions Top productions,,ארגון חתונה,https://engaged.co.il/המלצות/top-productions.html,,,,https://www.topshow-productions.com,0.0,0,Israel,,,True
דמיטרי וולצ'וק | Dmitry Volchenko,,ארגון חתונה,https://engaged.co.il/המלצות/דמיטרי-וולצ-וק.html,,,,,0.0,0,,,,True
נחמן חשין | nachman cheshin השכרת רכב מסוג טסלה,,ארגון חתונה,https://engaged.co.il/המלצות/נחמן-חשין.html,,,,,0.0,0,,,,True
מנהל אירועים,,ארגון חתונה,https://engaged.co.il/המלצות/מנהל-אירועים.html,,,,,0.0,0,"שדרות ההסתדרות 251, חיפה, ישראל",,,True
אושר | Osher אישורי הגעה,,ארגון חתונה,https://engaged.co.il/המלצות/נטו-אישורי-הגעה.html,,,052-2373133,,0.0,0,,,,True
טל גת | Tal Gat מרצדס אספנות,,ארגון חתונה,https://engaged.co.il/המלצות/טל-גת.html,,,,,0.0,0,,,,True
cars for you כי הדרך כן קובעת,,ארגון חתונה,https://engaged.co.il/המלצות/cars-for-you.html,,,,,0.0,0,,,,True
מי בא | MIBA אישורי הגעה,,ארגון חתונה,https://engaged.co.il/המלצות/מי-בא.html,,,,,0.0,0,,,,True
רויאל רכבי יוקרה | Royal luxury vehicles ‏השכרת רכב יוקרה חתן כלה,,ארגון חתונה,https://engaged.co.il/המלצות/רויאל-רכבי-יוקרה.html,,,072-394-6386,,,,Tel Aviv,,,True
מינצ׳ - מתנות מהלב | Minch - Gifts מתנות בעבודת יד ואיור,,ארגון חתונה,https://engaged.co.il/המלצות/מינצ׳-מתנות-מהלב.html,,,,https://linktr.ee/minchlittlegifts,0.0,0,חנות אונליין ללא סניף פיזי,,,True
מאורסים מאורסות ארגון חתונה,055-4547274,ארגון חתונה,https://engaged.co.il/המלצות/מאורסים-הפקות.html,,,03-777-4862,https://www.facebook.com/groups/meurasim/,0.0,0,Rishon Le Zion,,,True
מפיק ליום החתונה הפקה וניהול אירוע,054486655,ארגון חתונה,https://engaged.co.il/המלצות/מפיק-ליום-החתונה.html,,,073-7755555,,5.0,25,,,,True
החממה של דגן | Daggan Flowers עיצוב אירועים,,ארגון חתונה,https://engaged.co.il/המלצות/החממה-של-דגן.html,,,,,0.0,0,"ארגמן 35, טירת יהודה",,,True
ריו הפקות | Rio Production הופכים חלומות למציאות.,,ארגון חתונה,https://engaged.co.il/המלצות/ריו-הפקות.html,,,,https://www.instagram.com/rio.prod.il/,0.0,0,,,,True
סימפל אישורי הגעה SIMPLE אישורי הגעה,,ארגון חתונה,https://engaged.co.il/המלצות/סימפל-אישורי-הגעה.html,,,,,0.0,0,,,,True
פירסט קלאס | First class vip נוסעים בסטייל לחופה,,ארגון חתונה,https://engaged.co.il/המלצות/פירסט-קלאס.html,,,,,0.0,0,,,,True
ג'ול מי | JOOLME JOOLME - טבעות אירוסין,,ארגון חתונה,https://engaged.co.il/המלצות/גול-מי.html,,,,https://joolme.co.il,0.0,0,"שוהם 7, רמת גן",,,True
מאושרים | Meoosharim אישורי הגעה וסידורי הושבה,,ארגון חתונה,https://engaged.co.il/המלצות/מאושרים.html,,,052-2373133,,0.0,0,,,,True
סהר לימוזין | Sahar Limousine השכרת לימוזינה רכבי יוקרה,,ארגון חתונה,https://engaged.co.il/המלצות/סהר-לימוזין.html,,,055-9991888,,0.0,0,"מרכז, בתל אביב והסביבה",,,True
חברת הפקה 361 | 361uce,,ארגון חתונה,https://engaged.co.il/המלצות/חברת-הפקה-361.html,,,,,0.0,0,,,,True
כוחו פרוייקטים והפקות,,ארגון חתונה,https://engaged.co.il/המלצות/כוחו-פרוייקטים-והפקות.html,,,,,0.0,0,,,,True
RSVP אישורי הגעה וניהול אירוע | RSVP,,ארגון חתונה,https://engaged.co.il/המלצות/rsvp-אישורי-הגעה-וניהול-אירוע.html,,,,https://www.rsvpevents.co,0.0,0,,,,True
דרינק האוס | Drink House אין חתונה בלי דרינק.,,ארגון חתונה,https://engaged.co.il/המלצות/דרינק-האוס.html,,,,,0.0,0,"המגינים 17, פתח תקווה",,,True
גל לוין | YAGA PRODUCTION הפקה ניהול אירוע,,ארגון חתונה,https://engaged.co.il/המלצות/גל-לוין-הפקה-ניהול-אירוע.html,,,,https://www.facebook.com/YAGAPRODUCTION,0.0,0,,,,True
הילה ברמן דרים פרו | Hila Berman Dream Productions הפקת אירועים חלומיים בטבע,,ארגון חתונה,https://engaged.co.il/המלצות/הילה-ברמן-דרים-פרו.html,,,,,0.0,0,,,,True
עץ הזית הפקות אירועים בטבע,054486655,ארגון חתונה,https://engaged.co.il/המלצות/עץ-הזית-הפקות.html,,,072-3303355,https://haagam.co.il/,0.0,0,Jerusalem,,,True
אדיר רכבי יוקרה | Adir השכרת רכבי יוקרה לחתן כלה,,ארגון חתונה,https://engaged.co.il/המלצות/אדיר-רכבי-יוקרה.html,,,053-405-5505,,0.0,0,Tel Aviv,,,True
"WECOME | WECOME אירוע מושלם, תכנון קל.",,ארגון חתונה,https://engaged.co.il/המלצות/wecome.html,,,,,0.0,0,,,,True
הסדרנית | Hasadranit אישורי הגעה וסידורי הושבה,,ארגון חתונה,https://engaged.co.il/המלצות/הסדרנית.html,,,,,0.0,0,Jerusalem,,,True
אליה משעלי | eliya mishali מפיקה ומנהלת אירועים,,ארגון חתונה,https://engaged.co.il/המלצות/אליה-משעלי.html,,,,,0.0,0,,,,True
סטאר לימוזין | star limuzin השכרת רכבים לאירועים,,ארגון חתונה,https://engaged.co.il/המלצות/אגם-לימוזין.html,,,055-9991888,,0.0,0,"תמר 4, חולון",,,True
ים קוקטיילס- הפקות האירוע שלך - האירוע שלנו,,ארגון חתונה,https://engaged.co.il/המלצות/ים-קוקטיילס-הפקות.html,,,053-921-2622,,0.0,0,הוד השרון,,,True
פלפלת | Pilplt עיצוב והפקות אירועים,,ארגון חתונה,https://engaged.co.il/המלצות/פלפלת.html,,,,,0.0,0,,,,True
טסלה לחתונה | אנאל בן דוד הדרך לחופה בסטנדרט גבוה,,ארגון חתונה,https://engaged.co.il/המלצות/טסלה-לחתונה.html,,,,,0.0,0,,,,True
"אור גל , events | Orgal events ניהול ארועים",,ארגון חתונה,https://engaged.co.il/המלצות/אור-גל-events.html,,,,,0.0,0,,,,True
האמר לחתונה | hummer,,ארגון חתונה,https://engaged.co.il/המלצות/מאורסים.html,,,054-6690391,,0.0,0,"השרון, תל אביב יפו",,,True
הלימוזינה,,ארגון חתונה,https://engaged.co.il/המלצות/הלימוזינה.html,,,072-3922-475,,0.0,0,,,,True
הרב נריה כהן | נריה כהן חופה קלילה במאור פנים,055-4336200,ארגון חתונה,https://engaged.co.il/המלצות/הרב-נריה-כהן.html,,,,,0.0,0,,,,True
אושרת הוכברג | HOCBERG OSHRAT הפקות וניהול אירועים בקונספט,,ארגון חתונה,https://engaged.co.il/המלצות/אושרת-הוכברג.html,,,,,0.0,0,,,,True
מאור הפקות - חופה מעוצבת כולל הכל,0524044321,ארגון חתונה,https://engaged.co.il/המלצות/חופה-להשכרה.html,,,,,0.0,0,"מתחם 7 הכוכבים, רח' לישנסקי 4, ראשל""צ",,,True
כיסויים לכסאות כיסויים לכסאות,,ארגון חתונה,https://engaged.co.il/המלצות/כיסויים-לכסאות.html,,,072-3902401,,0.0,0,,,,True
Shai Yefet | Shai Yefet Shai Yefet,,ארגון חתונה,https://engaged.co.il/המלצות/shai-yefet.html,,,,,0.0,0,,,,True
Sagi Shentag | Luxury car for weddings Audi Q7 Luxury,,ארגון חתונה,https://engaged.co.il/המלצות/sagi-shentag.html,,,,,0.0,0,,,,True
דריה עיצוב פרחים | Daria flower design עיצוב אירועים בפרחים,,ארגון חתונה,https://engaged.co.il/המלצות/דריה-עיצוב-פרחים.html,,,,,0.0,0,Qiryat Ono,,,True
אורן ברששת | Oran barsheshet העצמה נשית ✨️,,ארגון חתונה,https://engaged.co.il/המלצות/אורן-ברששת.html,,,,,0.0,0,Hod HaSharon,,,True
איוונט איז | EVENT-IS שירותי השכרת רכבים לחתונה,,ארגון חתונה,https://engaged.co.il/המלצות/איוונט-איז.html,,,,,0.0,0,,,,True
מליה | Malia סידור וניהול אירועים,,ארגון חתונה,https://engaged.co.il/המלצות/מליה.html,,,,,0.0,0,ראשון לציון,,,True
אורנית סולימן | Ornit אוודי Q2 להשכרה,,ארגון חתונה,https://engaged.co.il/המלצות/אורנית-סולימן.html,,,,,0.0,0,,,,True
tal s,,ארגון חתונה,https://engaged.co.il/המלצות/tal-s.html,,,FAILED,,,,,,,True
החברה אלה הפרשות חלה של חברות,,ארגון חתונה,https://engaged.co.il/המלצות/החברה-אלה.html,,,,,0.0,0,נס ציונה,,,True
"דורין - הקול משמיים חוויה נשית מרגשת, שמשלבת",,ארגון חתונה,https://engaged.co.il/המלצות/דורין-הקול-משמיים.html,,,,,0.0,0,באר יעקב,,,True
רינג און מי | Ring on me בדרך לחתונה עוצרים אצלנו,,ארגון חתונה,https://engaged.co.il/המלצות/רינג-און-מי.html,,,,https://www.instagram.com/_ring_on_me_/,0.0,0,הרצליה,,,True
"בי אנד בי | B&B Events Management הטיפול שלנו, הנחת שלכם",,ארגון חתונה,https://engaged.co.il/המלצות/בי-אנד-בי.html,,,,,0.0,0,,,,True
טלי שחר מפיקה | Tali Shahar Production,,ארגון חתונה,https://engaged.co.il/המלצות/טלי-שחר-מפיקה.html,,,,https://linktr.ee/tali.shahar,0.0,0,Tel Aviv,,,True
"זייציק | Zaichik ניהול, ליווי והפקת חתונות",,ארגון חתונה,https://engaged.co.il/המלצות/זייציק-ליווי-והפקה.html,,,,,0.0,0,Ra'anana,,,True
סטודיו קופינה | Studio Kupinna,,ארגון חתונה,https://engaged.co.il/המלצות/סטודיו-קופינה.html,,,,,0.0,0,,,,True
לונסול אירועים | LunSoul מערכת חכמה לניהול אירועים,,ארגון חתונה,https://engaged.co.il/המלצות/לונסול-אירועים.html,,,03-3035060,https://lunsoul.events,0.0,0,...,,,True
תמונת סידורי הושבה | אישורי הגעה הופכים תמונה לזיכרון,,ארגון חתונה,https://engaged.co.il/המלצות/תמונת-סידורי-הושבה.html,,,,,0.0,0,,,,True
הקול לארוע השכרת ציוד הגברה ותאורה,,ארגון חתונה,https://engaged.co.il/המלצות/הקול-לארוע.html,,,,,0.0,0,,,,True
א.פ. רכבי יוקרה | E.p.luxury car השכרת רכב יוקרה לחתונה,,ארגון חתונה,https://engaged.co.il/המלצות/אפ-רכבי-יוקרה.html,,,,,0.0,0,,,,True
Invite2You | Invite2You אישורי הגעה לחתונה,,ארגון חתונה,https://engaged.co.il/המלצות/invite2you.html,,,,,0.0,0,,,,True
תרין הפקות | Tarin productions תכנון ניהול הפקות אירועים,,ארגון חתונה,https://engaged.co.il/המלצות/תרין-הפקות.html,,,0554539324,,0.0,0,ראשון לציון,,,True
האמר לימוזין טל | Hummer Limousine Tal האמר לימוזין לחתונה,055-4547272,ארגון חתונה,https://engaged.co.il/המלצות/האמר-לימוזין-טל.html,,,054-6690391,http://talhummer.co.il,5.0,26,"השרון, תל אביב יפו",,,True
דניאל נהג ליום החתונה .. | Daniel סקודה סופרב כולל נהג,,ארגון חתונה,https://engaged.co.il/המלצות/דניאל-הרוש.html,,,,,0.0,0,,,,True
מיטל כחלון,,ארגון חתונה,https://engaged.co.il/המלצות/מיטל-כחלון.html,,,,,0.0,0,"Ashdod, Tel Aviv",,,True
רכבי יוקרה לאירועים,,ארגון חתונה,https://engaged.co.il/המלצות/רכבי-יוקרה-לאירועים.html,,,053-405-5505,https://www.facebook.com/RideVip,0.0,0,Tel Aviv,,,True
קובי דרורי | K.d נהגת כלות מרצדס,,ארגון חתונה,https://engaged.co.il/המלצות/קובי-דרורי.html,,,,,0.0,0,,,,True
מאמבו הפקות הפקות אירועים,,ארגון חתונה,https://engaged.co.il/המלצות/מאמבו-הפקות.html,,,,,0.0,0,,,,True
"לובאלה ,עיצוב אירועים | lovella makes your heart bloom",,ארגון חתונה,https://engaged.co.il/המלצות/לובאלה-עיצוב-אירועים.html,,,,,0.0,0,"אליעזר מזל 4, קומה 1, ראשל""צ מערב",,,True
